/*
Navicat MySQL Data Transfer

Source Server         : 本地mysql
Source Server Version : 50560
Source Host           : localhost:3306
Source Database       : lexian-mall

Target Server Type    : MYSQL
Target Server Version : 50560
File Encoding         : 65001

Date: 2019-01-03 10:00:12
*/

SET FOREIGN_KEY_CHECKS=0;

-- ----------------------------
-- Table structure for admin
-- ----------------------------
DROP TABLE IF EXISTS `admin`;
CREATE TABLE `admin` (
  `a_id` int(11) NOT NULL AUTO_INCREMENT,
  `a_name` varchar(15) DEFAULT NULL,
  `a_pwd` varchar(15) DEFAULT NULL,
  PRIMARY KEY (`a_id`)
) ENGINE=InnoDB AUTO_INCREMENT=2 DEFAULT CHARSET=utf8;

-- ----------------------------
-- Records of admin
-- ----------------------------
INSERT INTO `admin` VALUES ('1', 'admin', 'admin');

-- ----------------------------
-- Table structure for goods
-- ----------------------------
DROP TABLE IF EXISTS `goods`;
CREATE TABLE `goods` (
  `g_id` char(32) NOT NULL,
  `g_name` varchar(50) NOT NULL,
  `g_desc` varchar(200) DEFAULT NULL,
  `g_count` int(5) NOT NULL,
  `g_price` decimal(10,2) NOT NULL,
  `g_discount` decimal(10,2) DEFAULT NULL,
  `g_image` varchar(100) DEFAULT NULL,
  `g_updateTime` timestamp NOT NULL DEFAULT CURRENT_TIMESTAMP ON UPDATE CURRENT_TIMESTAMP,
  `g_t_id` char(32) DEFAULT NULL,
  `g_sub_id` char(32) DEFAULT NULL,
  `g_s_id` char(32) DEFAULT NULL,
  `g_del` tinyint(1) DEFAULT '0',
  `g_likeCount` int(10) DEFAULT '0',
  PRIMARY KEY (`g_id`),
  KEY `g_t_id` (`g_t_id`),
  KEY `g_sub_id` (`g_sub_id`),
  KEY `g_s_id` (`g_s_id`),
  CONSTRAINT `goods_ibfk_1` FOREIGN KEY (`g_t_id`) REFERENCES `type` (`t_id`),
  CONSTRAINT `goods_ibfk_2` FOREIGN KEY (`g_sub_id`) REFERENCES `subtype` (`sub_id`),
  CONSTRAINT `goods_ibfk_3` FOREIGN KEY (`g_s_id`) REFERENCES `seller` (`s_id`)
) ENGINE=InnoDB DEFAULT CHARSET=utf8;

-- ----------------------------
-- Records of goods
-- ----------------------------
INSERT INTO `goods` VALUES ('001CD61E885545E68EAF574BC2E429BB', '清风抽纸', '清风抽纸', '7', '99.90', '0.00', '/goods_img/1DDC36AD43C443E2A6F66949F89F5192.jpg', '2018-09-14 10:03:31', '42507FA77E5E4544A6F84394A19A7915', '3197C420162447AE9387A7BD511F14EE', '25F4EEE1B3154764B443D763EC5EF3C5', '1', '1');
INSERT INTO `goods` VALUES ('0063C073FE774F28BA3AB6482725E7AA', 'iphone 8 plus ', 'iphone 8 plus ', '58', '5880.00', '0.00', '/goods_img/EA44B97D55084D2A9460AF3C5352705A.jpg', '2018-09-12 20:34:37', 'B3E142EFAAD843049ABC36A075D62D09', '594F56AE981749A795EF76F3007EDA17', '6788EFHDJEFUFUIEFIOWFEHEWURUWHRU', '0', '0');
INSERT INTO `goods` VALUES ('01890B43537F4ECC937CB8EF3EFA5329', '不锈钢餐具叉勺筷套装 三件套', '不锈钢餐具叉勺筷套装 三件套', '29', '29.00', '0.00', '/goods_img/672FF11F796F4272908912E09157B21D.jpg', '2018-09-13 10:49:40', '41941F157B1748B39BB176FE2C58AE55', '0AB0DAB8B5894EA3B508E5BDA100F393', '25F4EEE1B3154764B443D763EC5EF3C5', '0', '0');
INSERT INTO `goods` VALUES ('02035E7A6B484D8997421CE70361FCA1', '百岁山', '百岁山', '46', '46.90', '0.00', '/goods_img/6FA1EFB9C25B4C4A9B105597935B0114.jpg', '2018-09-12 17:46:14', '5788D3A552B9477AA4A194FDE7C9B262', '97D7C421974C4BBC93C3B297ECF58164', '6788EFHDJEFUFUIEFIOWFEHEWURUWHRU', '0', '0');
INSERT INTO `goods` VALUES ('02DB644297A548ADB9559D7457B997AD', '特香菜籽油', '特香菜籽油', '67', '83.90', '0.00', '/goods_img/CB1BD69E661645B3B9289EC6D25BC03F.jpg', '2018-09-13 10:49:36', '4AA7446BFA2841E1920F30F626BB14B4', '54047286E06D476A8899DE27FA859D7F', '25F4EEE1B3154764B443D763EC5EF3C5', '0', '0');
INSERT INTO `goods` VALUES ('02ED0D408D2A4CE386261AF17511D4E2', '道道全食用油', '道道全食用油', '455', '69.80', '69.00', '/goods_img/1DDAC46AB9724C0AA42FCF4260E7344B.jpg', '2018-09-12 11:27:49', '4AA7446BFA2841E1920F30F626BB14B4', '54047286E06D476A8899DE27FA859D7F', '25F4EEE1B3154764B443D763EC5EF3C5', '0', '0');
INSERT INTO `goods` VALUES ('05499AD280064BE6AC0C68559164FFAC', '秘制凉菜', '秘制凉菜', '149', '14.90', '0.00', '/goods_img/F3053CA0CE4646DFA15795C5A2361B96.jpg', '2018-09-13 10:49:49', 'AC19F2D3D6704A3D9F8CD9C41CAA2D04', '22996C69EF844319B70C536479C0BAFA', 'SSFDF8G987D7S8G8T99E8W7EQUN87FD7', '0', '0');
INSERT INTO `goods` VALUES ('0617ECF75CA04BA6A41381B5B5624127', '南非夏橙', '南非夏橙', '58', '35.80', '0.00', '/goods_img/F18D0E8B4F374B2EA6D04CED0F8FE97D.jpg', '2018-09-14 09:27:00', 'FE22C40F29DF48CE95EC3C81844D8985', '95959ABD272548DFADA904D0A4F94233', 'SSFDF8G987D7S8G8T99E8W7EQUN87FD7', '1', '2');
INSERT INTO `goods` VALUES ('0622F60C46BF4420A8BDCDA49657B645', '全职高手叶修周边礼盒', '全职高手叶修周边礼盒', '138', '250.00', '0.00', '/goods_img/082C504E4EFE424CBC680EDFA1ECDF35.jpg', '2018-09-14 10:03:41', '36293DA768204936950CF20848A869F1', '15858A534D504BDF8E0616AAB7EF0262', '25F4EEE1B3154764B443D763EC5EF3C5', '0', '1');
INSERT INTO `goods` VALUES ('064D3AF73BE548DB9CC83AAFAA5569AE', '折扇', '折扇', '57', '39.90', '0.00', '/goods_img/8A8B6DA4B4A24DC0A3637717AAE19327.jpg', '2018-09-13 10:49:41', '36293DA768204936950CF20848A869F1', 'AE5FD0C3473C4119BEE5411B5C574ABA', '25F4EEE1B3154764B443D763EC5EF3C5', '0', '0');
INSERT INTO `goods` VALUES ('071565B87029424BA144ADFF874D63CA', '可口可乐', '可口可乐', '72', '72.00', '0.00', '/goods_img/180F3EA6B6F543F4A1DF8DC41A879132.jpg', '2018-09-13 11:04:43', '5788D3A552B9477AA4A194FDE7C9B262', '13A99DCED21A4813BCEB8F865BD6DEC5', 'SSFDF8G987D7S8G8T99E8W7EQUN87FD7', '0', '2');
INSERT INTO `goods` VALUES ('0719996BED954B94AFB892765F9973C5', '羊肚菌', '羊肚菌', '119', '119.00', '0.00', '/goods_img/D9ED5FC92DA547DC9F0BC98E5D7F1F1B.jpg', '2018-09-12 14:19:39', '4AA7446BFA2841E1920F30F626BB14B4', 'E8D7DEC961774742B9104CB23CD5A8C7', '25F4EEE1B3154764B443D763EC5EF3C5', '0', '0');
INSERT INTO `goods` VALUES ('0A11FA90504B420B92DEAA1C303BE1FC', 'ABC卫生巾', 'ABC卫生巾', '79', '79.90', '0.00', '/goods_img/24E76449AF194FCDAC83D72F96A92709.jpg', '2018-09-13 10:56:38', '6865532E2C4E4BDEAA72567ECB4C8763', '2F98393B55AA4A4299AAC61351017E6E', '768FGTHYDX23CGT8734CR7DTE8R7T284', '0', '1');
INSERT INTO `goods` VALUES ('0A889054617C4251A10F48FA78C69A81', '泰国龙眼', '泰国龙眼', '77', '19.90', '0.00', '/goods_img/37D5DBAF51E547E9A18F3F82D5B06C91.jpg', '2018-09-13 11:11:48', 'FE22C40F29DF48CE95EC3C81844D8985', '95959ABD272548DFADA904D0A4F94233', 'SSFDF8G987D7S8G8T99E8W7EQUN87FD7', '0', '0');
INSERT INTO `goods` VALUES ('0ABABA2C8DC3482DB82A9DF6E1895A00', '乐事薯片', '乐事薯片', '16', '16.80', '0.00', '/goods_img/CA93D9D50FCF45478B1CC226C54B2F87.jpg', '2018-09-12 17:53:36', '6450FD423B094D77A3A1CAAE32FABA69', 'A221297EC51F4419BF28360847768B0F', '6788EFHDJEFUFUIEFIOWFEHEWURUWHRU', '0', '0');
INSERT INTO `goods` VALUES ('0B0D91FE7C2E4883A0BD8FF8545650B7', '安慕希', '安慕希', '78', '78.00', '0.00', '/goods_img/6C3B7404E82E45789C8A6EC9013EBFA3.jpg', '2018-09-13 11:11:50', '5788D3A552B9477AA4A194FDE7C9B262', '815DB3FA033D4AB79924A407BBEB6F92', 'SSFDF8G987D7S8G8T99E8W7EQUN87FD7', '0', '0');
INSERT INTO `goods` VALUES ('0CE8D2FE87E344DC98451DE1CA5EDA22', '陈醋', '陈醋', '343', '6.90', '6.00', '/goods_img/8B6E1426199E4D3C8FFB6CA02ECC7149.jpg', '2018-09-13 10:49:35', '4AA7446BFA2841E1920F30F626BB14B4', '4F45768A1C5845179AA1E81E067865EB', '25F4EEE1B3154764B443D763EC5EF3C5', '0', '0');
INSERT INTO `goods` VALUES ('0CF88775279E46EF92E220B4F812641D', '戴尔超极本', '戴尔超极本', '41', '4199.00', '0.00', '/goods_img/255DC66FA981463C80A94DA55AE5A64D.png', '2018-09-12 19:16:45', '6628436A81DD4C539BA9945E7F6AA0E0', 'D35CB17F7F724F7CBF5648F0A6961462', '6487T7GGYFECRYEIEGYGEDUYRYRUI3RR', '0', '0');
INSERT INTO `goods` VALUES ('0D4EF94A3C1143DDB40B939AD8DAE606', '特仑苏', '特仑苏', '59', '59.90', '0.00', '/goods_img/C37637C729D8431899A0B2153AE26F2B.png', '2018-09-12 17:36:14', '5788D3A552B9477AA4A194FDE7C9B262', '815DB3FA033D4AB79924A407BBEB6F92', 'SSFDF8G987D7S8G8T99E8W7EQUN87FD7', '0', '0');
INSERT INTO `goods` VALUES ('0D7064297A15435DA9AB44EFC1A09ADF', '惠普光影精灵', '惠普光影精灵', '58', '5899.00', '0.00', '/goods_img/53FDA498381B4441AB1D2BCD451E21BF.jpg', '2018-09-12 19:13:33', '6628436A81DD4C539BA9945E7F6AA0E0', '6A46500BC805473E8CF13F813B1BA1B2', '6487T7GGYFECRYEIEGYGEDUYRYRUI3RR', '0', '0');
INSERT INTO `goods` VALUES ('0DFF982234F24B138001129CC843A3CB', '麦士汀黑啤酒', '麦士汀黑啤酒', '10', '10.00', '0.00', '/goods_img/B886383AD5204DE28F79A58274B305D9.jpg', '2018-09-13 10:49:38', '5788D3A552B9477AA4A194FDE7C9B262', 'A9EEC80AC6BE46C99D4706833A1C038B', '25F4EEE1B3154764B443D763EC5EF3C5', '0', '0');
INSERT INTO `goods` VALUES ('0E3C4C2A3D9045919AF936E9DE4BDF17', '木耳香菇', '木耳香菇', '56', '58.00', '0.00', '/goods_img/372CDDCE897E462BBC988E2A79A4B4CB.jpg', '2018-09-12 14:19:15', '4AA7446BFA2841E1920F30F626BB14B4', 'E8D7DEC961774742B9104CB23CD5A8C7', '25F4EEE1B3154764B443D763EC5EF3C5', '0', '0');
INSERT INTO `goods` VALUES ('0EDA846BC52F47398034F9D4DF346123', '桃汁', '桃汁', '78', '78.00', '0.00', '/goods_img/C036FA1A99D947BFBC7ED236E77DD697.jpg', '2018-09-12 17:33:29', '5788D3A552B9477AA4A194FDE7C9B262', 'C9EAB1C56D9F4E9DA67C78DB94CF4E99', 'SSFDF8G987D7S8G8T99E8W7EQUN87FD7', '0', '0');
INSERT INTO `goods` VALUES ('10D65EADAD7F44B68F51E71FD86F54E0', '冷冻混沌家用托盘冰箱保鲜收纳盒', '冷冻混沌家用托盘冰箱保鲜收纳盒', '63', '63.00', '55.00', '/goods_img/E382BD34E9C447C59F2A04EC9CFB6A93.jpg', '2018-09-12 15:13:42', '41941F157B1748B39BB176FE2C58AE55', 'EB2E59A1EBB1444391A5809B426E7E60', '25F4EEE1B3154764B443D763EC5EF3C5', '0', '0');
INSERT INTO `goods` VALUES ('1188672CA3F0480598943C3291518E11', '布森侯爵干红葡萄酒', '布森侯爵干红葡萄酒', '21', '210.00', '0.00', '/goods_img/35BA1136F8C14CDDB9BA0A2E7B2507F2.jpg', '2018-09-12 17:31:25', '5788D3A552B9477AA4A194FDE7C9B262', '77BC2BE2A0D64A9AA13E40A4804E8381', 'SSFDF8G987D7S8G8T99E8W7EQUN87FD7', '0', '0');
INSERT INTO `goods` VALUES ('11BE35040F6D410785D0FC2CF0574957', '惠普商务本', '惠普商务本', '72', '7299.00', '0.00', '/goods_img/7710EF88CC494901A4DBB1FF306BFAC0.png', '2018-09-12 19:14:25', '6628436A81DD4C539BA9945E7F6AA0E0', 'BA291FF61FDA42AFA26207B87DD3D1F3', '6487T7GGYFECRYEIEGYGEDUYRYRUI3RR', '0', '0');
INSERT INTO `goods` VALUES ('1253DA55029B488593EAAD6470FA36FF', '戴尔xps13', '戴尔xps13', '76', '7699.00', '0.00', '/goods_img/EB63763E111E4F41A585241C26DD5D0A.jpg', '2018-09-12 19:11:50', '6628436A81DD4C539BA9945E7F6AA0E0', '33672BE1933D4E8CA0BEBABFA31DAD37', '6487T7GGYFECRYEIEGYGEDUYRYRUI3RR', '0', '0');
INSERT INTO `goods` VALUES ('143BC313E1104E95A23FB5C35232AFBE', '三孔铸铁三角煎蛋器', '三孔铸铁三角煎蛋器', '69', '69.00', '0.00', '/goods_img/6C15F1116CAA45D0B2A075B3CF0A601A.png', '2018-09-13 10:42:50', '41941F157B1748B39BB176FE2C58AE55', '6503C1C64B174F22944C85B69EBAFC9E', '25F4EEE1B3154764B443D763EC5EF3C5', '0', '1');
INSERT INTO `goods` VALUES ('14C56DDBE9CC4D618F1CF30239D68127', 'microsoft surface pro', 'microsoft surface pro', '22', '6288.00', '0.00', '/goods_img/8B4D030EB40740AEA4AFB25C8608F79D.png', '2018-09-13 11:36:56', '6628436A81DD4C539BA9945E7F6AA0E0', '0EF18509B1A0458FBA1D5A15E1A53150', '6487T7GGYFECRYEIEGYGEDUYRYRUI3RR', '0', '0');
INSERT INTO `goods` VALUES ('15195C76564B4A11B9386ADBB0BBEE1D', '卫龙魔芋丝', '卫龙魔芋丝', '33', '23.80', '0.00', '/goods_img/EFC95520589B4BAEB19FF3CEB4DDE134.jpg', '2018-09-12 17:55:46', '6450FD423B094D77A3A1CAAE32FABA69', '5CA7D10F6A3240E2B0913B957F1C5661', '6788EFHDJEFUFUIEFIOWFEHEWURUWHRU', '0', '0');
INSERT INTO `goods` VALUES ('1568BDF9813C4B79B4DFA660A128ABBD', '洁柔食品级手帕纸', '洁柔食品级手帕纸', '12', '12.80', '0.00', '/goods_img/41009E27FE904805852FFC865644FC76.jpg', '2018-09-12 15:21:15', '42507FA77E5E4544A6F84394A19A7915', 'D275F9619B444F1FB085206BCDD69820', '25F4EEE1B3154764B443D763EC5EF3C5', '0', '0');
INSERT INTO `goods` VALUES ('15EF04200FF34815AFEB5A6BC188AE9D', '情侣双人碗碟套装', '情侣双人碗碟套装', '136', '136.00', '0.00', '/goods_img/0A6EB5C955494CCCA4BF8ED13FF332A6.jpg', '2018-09-12 15:08:57', '41941F157B1748B39BB176FE2C58AE55', '0AB0DAB8B5894EA3B508E5BDA100F393', '25F4EEE1B3154764B443D763EC5EF3C5', '0', '0');
INSERT INTO `goods` VALUES ('1810ECED375B46D9B21D49DF7DEF670C', '南极人男袜子', '南极人男袜子', '29', '29.00', '0.00', '/goods_img/45779538C5BE4BC0A81DDED040225AAE.jpg', '2018-09-12 19:39:21', 'EC46DF8ED4D44C18ABDC8747D7E5F5EA', 'A0AB20A881784CF3AFE72B02BC0FB904', '6487T7GGYFECRYEIEGYGEDUYRYRUI3RR', '0', '0');
INSERT INTO `goods` VALUES ('1892844DE5EF49738A69463AB5ABE4E9', '正装皮鞋男', '正装皮鞋男', '18', '189.00', '0.00', '/goods_img/E83A8C2E141B4908AC13F1043769CF80.jpg', '2018-09-12 19:41:08', 'EC46DF8ED4D44C18ABDC8747D7E5F5EA', '374986D49B424334A2A22ED1399CD0AF', '6487T7GGYFECRYEIEGYGEDUYRYRUI3RR', '0', '0');
INSERT INTO `goods` VALUES ('1A42F8BDF1DB4BE8B8888F7DEBDCE544', '良品铺子猪肉脯', '良品铺子猪肉脯', '78', '17.90', '0.00', '/goods_img/4089F6BACDE94BC0B40F120DC320011E.jpg', '2018-09-12 17:54:32', '6450FD423B094D77A3A1CAAE32FABA69', '3BDC4B5EC7CC465A97E73D81540546CB', '6788EFHDJEFUFUIEFIOWFEHEWURUWHRU', '0', '0');
INSERT INTO `goods` VALUES ('1AE419432D27448EAEAEEF9BB81A0D63', 'Thinkpad商务本', 'Thinkpad商务本', '94', '9499.00', '0.00', '/goods_img/B7FA9935EBA6496B9066C4F3838CC347.png', '2018-09-12 19:15:31', '6628436A81DD4C539BA9945E7F6AA0E0', 'BA291FF61FDA42AFA26207B87DD3D1F3', '6487T7GGYFECRYEIEGYGEDUYRYRUI3RR', '0', '0');
INSERT INTO `goods` VALUES ('1CCA55FCD15E40568B7FD890225DA7EA', '运动套装', '运动套装', '39', '399.00', '0.00', '/goods_img/5D3CCA10B4804DEA944FCE0623EE41AB.jpg', '2018-09-12 19:54:05', 'FF380E2E94EE49718516F1356C452BA9', 'F514D74CF6BE4D68928E508496267EA8', '768FGTHYDX23CGT8734CR7DTE8R7T284', '0', '0');
INSERT INTO `goods` VALUES ('1D36F4E5C82D434893B640A9C91FBFFC', '360度旋转刷子', '360度旋转刷子', '89', '9.90', '0.00', '/goods_img/0D6CBD5D20AD437187FF83FE92C0F116.jpg', '2018-09-13 10:56:41', '6865532E2C4E4BDEAA72567ECB4C8763', 'DEFE1E3167614EDAA04648DCD55A50EC', '768FGTHYDX23CGT8734CR7DTE8R7T284', '0', '1');
INSERT INTO `goods` VALUES ('1EB26058FB904828B3839949473A615B', '华硕泰坦显卡', '华硕泰坦显卡', '83', '8399.00', '0.00', '/goods_img/3A2FE9A1EAA7497BB42588E887A924D4.jpg', '2018-09-12 20:18:44', 'F3E6E4A6E4F543D691C75D1B5EF4813E', '5B7E847BE5624D30B3BFF641AFD5EFE9', '768FGTHYDX23CGT8734CR7DTE8R7T284', '0', '0');
INSERT INTO `goods` VALUES ('1F0BF2AE24A34774BF16B3ED79B38A07', '百草味果干大礼包', '百草味果干大礼包', '49', '49.90', '0.00', '/goods_img/1A96BC13E4C24B0581E2BEE12DAFA34F.jpg', '2018-09-12 17:49:55', '6450FD423B094D77A3A1CAAE32FABA69', '6CEE64CCB61F40128C561B694241FC1B', '6788EFHDJEFUFUIEFIOWFEHEWURUWHRU', '0', '0');
INSERT INTO `goods` VALUES ('1F5CC8A88EE24DA9BA341652FFFF6871', '古风一木手帕纸', '古风一木手帕纸', '55', '55.00', '0.00', '/goods_img/5FD1889F097F47099EA5B016A8A15121.jpg', '2018-09-12 15:20:34', '42507FA77E5E4544A6F84394A19A7915', 'D275F9619B444F1FB085206BCDD69820', '25F4EEE1B3154764B443D763EC5EF3C5', '0', '0');
INSERT INTO `goods` VALUES ('20934EC6203C452AA68CB41429F0A72E', '丹麦皇冠曲奇', '丹麦皇冠曲奇', '56', '36.90', '0.00', '/goods_img/E8AEE21A63CE4072A32965D6A9D93C07.jpg', '2018-09-14 10:06:20', '6450FD423B094D77A3A1CAAE32FABA69', '3B56B78780E2473995FDF6C2047EEB6B', '6788EFHDJEFUFUIEFIOWFEHEWURUWHRU', '1', '2');
INSERT INTO `goods` VALUES ('2168C7F0DD164F2E96CB0B5D1889787E', '瑜伽垫', '瑜伽垫', '94', '94.00', '0.00', '/goods_img/6AC29E01DFC4493E9BC7E27DCDDD51DE.jpg', '2018-09-12 19:55:35', 'FF380E2E94EE49718516F1356C452BA9', '65DDEDF484934A29AE803EAE88BF7F9B', '768FGTHYDX23CGT8734CR7DTE8R7T284', '0', '0');
INSERT INTO `goods` VALUES ('2198850A271B415AA7F182AE7820B4DE', '雪碧', '雪碧', '343', '59.90', '0.00', '/goods_img/4D2764AB8AAD49FF828BCA8A0ED5080F.jpg', '2018-09-12 17:34:50', '5788D3A552B9477AA4A194FDE7C9B262', '13A99DCED21A4813BCEB8F865BD6DEC5', 'SSFDF8G987D7S8G8T99E8W7EQUN87FD7', '0', '0');
INSERT INTO `goods` VALUES ('21B9B831F7F44ABF9DCB9795F027FE8D', '克林莱50只装一次性纸杯', '克林莱50只装一次性纸杯', '11', '12.60', '0.00', '/goods_img/9309F6CAC2D544CEA28D2F3E6FD4EEDA.jpg', '2018-09-12 15:11:37', '41941F157B1748B39BB176FE2C58AE55', '3BA9F80804794AB9B178FD805EC006D9', '25F4EEE1B3154764B443D763EC5EF3C5', '0', '0');
INSERT INTO `goods` VALUES ('222F488FB2B6484794316B4F01BDA965', '得力hb铅笔', '得力hb铅笔', '78', '9.90', '0.00', '/goods_img/F0053D9D6DCE4F8DB16D6425CBF2B308.jpg', '2018-09-12 14:43:23', '36293DA768204936950CF20848A869F1', '66CC93F303A846C781384B4F70C607C8', '25F4EEE1B3154764B443D763EC5EF3C5', '0', '0');
INSERT INTO `goods` VALUES ('2374832F6DC440DD800CFE6AD30AEB92', '胡萝卜', '胡萝卜', '56', '5.30', '0.00', '/goods_img/6A88EEF3F52746CCA0E2ECDA8DD759D4.jpg', '2018-09-12 20:53:19', 'AA29952BBBB0489D8D712264A6223545', '1E2AC294F8F940C08167B598D2B9172D', 'SSFDF8G987D7S8G8T99E8W7EQUN87FD7', '0', '0');
INSERT INTO `goods` VALUES ('237F7D71873147D0AE8B7D0FA4D4B236', '游戏阴阳师手游迷你手办', '游戏阴阳师手游迷你手办', '5', '929.00', '92.90', '/goods_img/8C13B779E9E04A01A6A20FD8D98CAE96.png', '2018-09-13 11:17:05', '36293DA768204936950CF20848A869F1', '15858A534D504BDF8E0616AAB7EF0262', '25F4EEE1B3154764B443D763EC5EF3C5', '0', '1');
INSERT INTO `goods` VALUES ('24699703CBB743D0B0017183BE3812CF', '心相印抽纸', '心相印抽纸', '78', '47.90', '0.00', '/goods_img/F6E42CBCE9E844ED9AD52FBC15EDFC2A.jpg', '2018-09-13 10:56:25', '42507FA77E5E4544A6F84394A19A7915', '3197C420162447AE9387A7BD511F14EE', '25F4EEE1B3154764B443D763EC5EF3C5', '0', '1');
INSERT INTO `goods` VALUES ('261C173688FB4DF88FC150BE905F16D9', '真维斯短袖T恤', '真维斯短袖T恤', '20', '20.00', '0.00', '/goods_img/B5B6957F943F4535A394A463635A7D54.jpg', '2018-09-12 19:34:53', 'EC46DF8ED4D44C18ABDC8747D7E5F5EA', 'C234F65DABE84DF9A3616FB39786309C', '6487T7GGYFECRYEIEGYGEDUYRYRUI3RR', '0', '0');
INSERT INTO `goods` VALUES ('272A81431D20432B934C0F189A1C0BA5', '剑南春', '剑南春', '360', '360.00', '0.00', '/goods_img/07F8B8D6D25B4EE3BF35765608939DD3.jpg', '2018-09-12 15:23:00', '5788D3A552B9477AA4A194FDE7C9B262', 'A589F165A7794EFFA54120161C3F8A4A', '25F4EEE1B3154764B443D763EC5EF3C5', '0', '0');
INSERT INTO `goods` VALUES ('274EB4F853044629B5C1B8D473AA9DE7', '宇仔大刀肉', '宇仔大刀肉', '89', '9.80', '0.00', '/goods_img/EE14DF4A02B24B78B465ABEDAB4E97B4.jpg', '2018-09-12 17:56:08', '6450FD423B094D77A3A1CAAE32FABA69', '5CA7D10F6A3240E2B0913B957F1C5661', '6788EFHDJEFUFUIEFIOWFEHEWURUWHRU', '0', '0');
INSERT INTO `goods` VALUES ('289FCB920039473DBE41DB5B3657DCB2', '慈颜孕妇装', '慈颜孕妇装', '57', '57.00', '0.00', '/goods_img/D5EBBD6A507B473EA5708265EDB31266.jpg', '2018-09-12 19:38:14', 'EC46DF8ED4D44C18ABDC8747D7E5F5EA', 'E4839E961250433ABBD18D5294230629', '6487T7GGYFECRYEIEGYGEDUYRYRUI3RR', '0', '0');
INSERT INTO `goods` VALUES ('2A83332A1EEA4285BF857BAB28BD6A53', '汇源果汁', '汇源果汁', '78', '78.00', '0.00', '/goods_img/060050067D214E55B189E85300E4E0BA.jpg', '2018-09-12 17:32:14', '5788D3A552B9477AA4A194FDE7C9B262', 'C9EAB1C56D9F4E9DA67C78DB94CF4E99', 'SSFDF8G987D7S8G8T99E8W7EQUN87FD7', '0', '0');
INSERT INTO `goods` VALUES ('2ADFACC720C2468D881DA71B59F02862', '小青菜', '小青菜', '75', '5.90', '0.00', '/goods_img/162D786240D441329F49F5A20ED62301.jpg', '2018-09-12 20:55:29', 'AA29952BBBB0489D8D712264A6223545', '46C40679AD544DF0B379BD340BA01EAE', 'SSFDF8G987D7S8G8T99E8W7EQUN87FD7', '0', '0');
INSERT INTO `goods` VALUES ('2B736E365CA9405CA6B4B1A93777CC43', '海天蚝油', '海天蚝油', '567', '8.50', '0.00', '/goods_img/458EE5CC372F410196769F44F70370F7.jpg', '2018-09-12 11:22:50', '4AA7446BFA2841E1920F30F626BB14B4', '4F45768A1C5845179AA1E81E067865EB', '25F4EEE1B3154764B443D763EC5EF3C5', '0', '0');
INSERT INTO `goods` VALUES ('2D6FEAD6CFC348E7AC4F951E38D6966F', 'lee男士腰带', 'lee男士腰带', '32', '329.00', '0.00', '/goods_img/F2617F54D3DA43ED925E3E6C5862DB96.png', '2018-09-13 10:49:42', 'EC46DF8ED4D44C18ABDC8747D7E5F5EA', '0E04D0B9AC2E47C48FD2475E4C05D1BA', '6487T7GGYFECRYEIEGYGEDUYRYRUI3RR', '0', '0');
INSERT INTO `goods` VALUES ('2E1D505F9B114E9AB774E8A6C541D0B1', '传统铁锅', '传统铁锅', '159', '159.00', '0.00', '/goods_img/6816E274C5F141A2B00C134662BD6EAB.png', '2018-09-12 15:04:46', '41941F157B1748B39BB176FE2C58AE55', '6503C1C64B174F22944C85B69EBAFC9E', '25F4EEE1B3154764B443D763EC5EF3C5', '0', '0');
INSERT INTO `goods` VALUES ('2E9E86D820FF4811B654704F23A61CE5', '大蒜', '大蒜', '34', '15.90', '15.00', '/goods_img/47E3B64111904DD5B61497F92E05E9E3.jpg', '2018-09-12 11:24:19', '4AA7446BFA2841E1920F30F626BB14B4', '4F45768A1C5845179AA1E81E067865EB', '25F4EEE1B3154764B443D763EC5EF3C5', '0', '0');
INSERT INTO `goods` VALUES ('3003600E2FE9410697434FFD572CD188', '便携式充气焊枪', '便携式充气焊枪', '122', '161.60', '0.00', '/goods_img/502E75B2984D4AF08CD8D88E1301BE49.jpg', '2018-09-12 15:15:31', '41941F157B1748B39BB176FE2C58AE55', '8366F0A43E924D299112EC314235357A', '25F4EEE1B3154764B443D763EC5EF3C5', '0', '0');
INSERT INTO `goods` VALUES ('309E079B0BA94B53A06D06B805E44C4F', '苹果汁', '苹果汁', '46', '46.80', '0.00', '/goods_img/C0AB4267FCD04BD2A6B907EAAF0C6D5A.jpg', '2018-09-12 17:33:02', '5788D3A552B9477AA4A194FDE7C9B262', 'C9EAB1C56D9F4E9DA67C78DB94CF4E99', 'SSFDF8G987D7S8G8T99E8W7EQUN87FD7', '0', '0');
INSERT INTO `goods` VALUES ('31B170837DAF413C8FA50642101A5740', '飞利浦hi-fi随身听', '飞利浦hi-fi随身听', '39', '239.00', '0.00', '/goods_img/D88F647DDEBE4CCD8AB312DB0D29972F.png', '2018-09-12 20:16:06', 'F3E6E4A6E4F543D691C75D1B5EF4813E', '516AAA16D78842C3A24B9486BA461D65', '768FGTHYDX23CGT8734CR7DTE8R7T284', '0', '0');
INSERT INTO `goods` VALUES ('32990F05A13741C5874791F5971E3FFF', '黄瓜', '黄瓜', '55', '9.80', '0.00', '/goods_img/B64BEC8782924A78AFDCAE24FC62E977.jpg', '2018-09-12 20:56:31', 'AA29952BBBB0489D8D712264A6223545', '46C40679AD544DF0B379BD340BA01EAE', 'SSFDF8G987D7S8G8T99E8W7EQUN87FD7', '0', '0');
INSERT INTO `goods` VALUES ('3311AB88810942BF8E44D668EB6F1C44', '篆刻印章石头', '篆刻印章石头', '60', '60.00', '0.00', '/goods_img/9BFF8AAD3BB64687B222B5F430FC9477.jpg', '2018-09-12 14:49:05', '36293DA768204936950CF20848A869F1', 'AE5FD0C3473C4119BEE5411B5C574ABA', '25F4EEE1B3154764B443D763EC5EF3C5', '0', '0');
INSERT INTO `goods` VALUES ('33CFECC36E03441BB2A849231AAA4708', '三星C5 pro', '三星C5 pro', '22', '2299.00', '0.00', '/goods_img/D34A7E8F95FB4B0BA6EDB2B028B65AFC.jpg', '2018-09-12 20:35:49', 'B3E142EFAAD843049ABC36A075D62D09', '9A87CD2FCFDB4FB2BC9F2F845B91C5C0', '6788EFHDJEFUFUIEFIOWFEHEWURUWHRU', '0', '0');
INSERT INTO `goods` VALUES ('34669D02F8F940D4B611C70C54A9B4D9', '手账本', '手账本', '79', '79.00', '0.00', '/goods_img/1FD04F72398D4BCA836FEF57D2828A95.jpg', '2018-09-12 14:38:02', '36293DA768204936950CF20848A869F1', '66CC93F303A846C781384B4F70C607C8', '25F4EEE1B3154764B443D763EC5EF3C5', '0', '0');
INSERT INTO `goods` VALUES ('348DE30361E2438EA157677834B631F7', '真彩中性笔', '真彩中性笔', '55', '15.80', '0.00', '/goods_img/9E62BBCA0E3941858A7F66FCD65C2359.jpg', '2018-09-12 14:39:07', '36293DA768204936950CF20848A869F1', '66CC93F303A846C781384B4F70C607C8', '25F4EEE1B3154764B443D763EC5EF3C5', '0', '0');
INSERT INTO `goods` VALUES ('34EF90A81157490D868890E79ACA94D4', '得力计算器', '得力计算器', '67', '19.90', '0.00', '/goods_img/03CCF7344D4C407CA261B32DBFC8271B.jpg', '2018-09-12 14:44:25', '36293DA768204936950CF20848A869F1', '66CC93F303A846C781384B4F70C607C8', '25F4EEE1B3154764B443D763EC5EF3C5', '0', '0');
INSERT INTO `goods` VALUES ('379F3A6330AF4CF48A1BC9C4E8264759', '晨光马克笔', '晨光马克笔', '56', '27.90', '0.00', '/goods_img/E1AB408B15784F91BF79AC6199F8B6C3.jpg', '2018-09-12 14:34:33', '36293DA768204936950CF20848A869F1', '66CC93F303A846C781384B4F70C607C8', '25F4EEE1B3154764B443D763EC5EF3C5', '0', '0');
INSERT INTO `goods` VALUES ('39565C2214A7451F955EA2F2C73A0729', '格拉斯耐热玻璃保鲜盒8件套', '格拉斯耐热玻璃保鲜盒8件套', '55', '299.00', '0.00', '/goods_img/EE7EE669070E4C11A04153ACBF08C3AD.jpg', '2018-09-12 15:12:31', '41941F157B1748B39BB176FE2C58AE55', 'EB2E59A1EBB1444391A5809B426E7E60', '25F4EEE1B3154764B443D763EC5EF3C5', '0', '0');
INSERT INTO `goods` VALUES ('3969D428E7024098AAB064E9EC9F94B1', '三只松鼠鸭脖', '三只松鼠鸭脖', '29', '29.90', '0.00', '/goods_img/00DF5F5F116B4994B6208CF1523C2D96.jpg', '2018-09-12 20:43:44', 'AC19F2D3D6704A3D9F8CD9C41CAA2D04', '79E22952FCC8440899192FB97417A12B', 'SSFDF8G987D7S8G8T99E8W7EQUN87FD7', '0', '0');
INSERT INTO `goods` VALUES ('3A30D6A0EAF34F4095BA0CA0BC3E9D40', 'oppo r17 ', 'oppo r17 ', '31', '3199.00', '0.00', '/goods_img/944B0FA2D0E145E084A4437113D43C10.jpg', '2018-09-12 20:41:16', 'B3E142EFAAD843049ABC36A075D62D09', 'D6AE1AB0FC9A4FAEA7E6F41D2980944D', '6788EFHDJEFUFUIEFIOWFEHEWURUWHRU', '0', '0');
INSERT INTO `goods` VALUES ('3BA2B266D430446EA3EA7F521FF5C4E4', '拉谷谷针织衫', '拉谷谷针织衫', '46', '466.00', '0.00', '/goods_img/D18D7920CF7447B68039809AD594755C.jpg', '2018-09-12 19:33:34', 'EC46DF8ED4D44C18ABDC8747D7E5F5EA', 'F485CE0ADD6A4B019A75C8C724E22469', '6487T7GGYFECRYEIEGYGEDUYRYRUI3RR', '0', '0');
INSERT INTO `goods` VALUES ('3C00F9E657174362BA54E54F559CBA0D', '洁柔卷纸', '洁柔卷纸', '57', '57.90', '0.00', '/goods_img/AD72841965924603B020A6C2E0A05CA9.jpg', '2018-09-12 15:19:03', '42507FA77E5E4544A6F84394A19A7915', '334B1B3B90B54B3D83403DE3A81E1AC9', '25F4EEE1B3154764B443D763EC5EF3C5', '0', '0');
INSERT INTO `goods` VALUES ('3DE2240704BE4CF59F56BBA74A0492F3', '跑步腰带', '跑步腰带', '89', '89.45', '0.00', '/goods_img/092ECE10F1BB4578B9A724302273219D.jpg', '2018-09-12 19:55:10', 'FF380E2E94EE49718516F1356C452BA9', '65DDEDF484934A29AE803EAE88BF7F9B', '768FGTHYDX23CGT8734CR7DTE8R7T284', '0', '0');
INSERT INTO `goods` VALUES ('3E02A0520B164673BB178B4A103AFB95', '戴尔商务本', '戴尔商务本', '59', '5999.00', '0.00', '/goods_img/3EC97BC2FC4141DAAD2589E388D9FE14.png', '2018-09-12 19:14:59', '6628436A81DD4C539BA9945E7F6AA0E0', 'BA291FF61FDA42AFA26207B87DD3D1F3', '6487T7GGYFECRYEIEGYGEDUYRYRUI3RR', '0', '0');
INSERT INTO `goods` VALUES ('3E2A9C4D52A54250BB41BBF21A15C92A', '罗技鼠标', '罗技鼠标', '79', '79.00', '0.00', '/goods_img/2F8864D69B0B4A4BB0589FAAA3ECBFBF.jpg', '2018-09-12 19:56:15', 'F3E6E4A6E4F543D691C75D1B5EF4813E', 'BD6D6982AD474BE6937C0AB75B4BABA7', '768FGTHYDX23CGT8734CR7DTE8R7T284', '0', '0');
INSERT INTO `goods` VALUES ('3EEDBA138C3B4432822CBA38986D89B4', '华为mate10', '华为mate10', '31', '3159.00', '0.00', '/goods_img/C06CEEA3664F4C689D9FAF4172ED41A9.png', '2018-09-12 20:37:35', 'B3E142EFAAD843049ABC36A075D62D09', '4D8544F2EA564181877F4514E4C604D5', '6788EFHDJEFUFUIEFIOWFEHEWURUWHRU', '0', '0');
INSERT INTO `goods` VALUES ('3F31B0E079224C96899F05E88818170C', '奥利奥', '奥利奥', '78', '47.80', '0.00', '/goods_img/95A4E42370314DF1B3897FA0321BF4D9.jpg', '2018-09-12 17:52:29', '6450FD423B094D77A3A1CAAE32FABA69', '3B56B78780E2473995FDF6C2047EEB6B', '6788EFHDJEFUFUIEFIOWFEHEWURUWHRU', '0', '0');
INSERT INTO `goods` VALUES ('4020870536BC406AA2378B2C021BE68A', '苹果MacBook air', '苹果MacBook air', '64', '6488.00', '0.00', '/goods_img/5530A33646CC4E69A905124853588752.jpg', '2018-09-12 19:11:11', '6628436A81DD4C539BA9945E7F6AA0E0', '33672BE1933D4E8CA0BEBABFA31DAD37', '6487T7GGYFECRYEIEGYGEDUYRYRUI3RR', '0', '0');
INSERT INTO `goods` VALUES ('4121B092ED434ABC90D847431C87FEB6', '丽能压缩饼干', '丽能压缩饼干', '25', '25.80', '0.00', '/goods_img/C9330BD2FFAD418787D75493E2886EB7.jpg', '2018-09-13 10:49:46', '6450FD423B094D77A3A1CAAE32FABA69', '3B56B78780E2473995FDF6C2047EEB6B', '6788EFHDJEFUFUIEFIOWFEHEWURUWHRU', '0', '0');
INSERT INTO `goods` VALUES ('4275374BBDC34BA0833D7780C742B6E7', '娃哈哈', '娃哈哈', '29', '29.50', '0.00', '/goods_img/AFFABB23E7B946078EC0CB6A83057ABF.jpg', '2018-09-12 17:46:40', '5788D3A552B9477AA4A194FDE7C9B262', '97D7C421974C4BBC93C3B297ECF58164', '6788EFHDJEFUFUIEFIOWFEHEWURUWHRU', '0', '0');
INSERT INTO `goods` VALUES ('42C9BB333C9444E9A39BFC0390889F34', '脐橙', '脐橙', '39', '39.90', '0.00', '/goods_img/63B27A12B8FC442AAF89B5BB8A197ED3.jpg', '2018-09-12 20:52:01', 'FE22C40F29DF48CE95EC3C81844D8985', 'EA29B38F92B1455C929B90C6B87612F6', 'SSFDF8G987D7S8G8T99E8W7EQUN87FD7', '0', '0');
INSERT INTO `goods` VALUES ('42FD470899CC4926BFDF60FA9A6C6252', '有线游戏鼠标', '有线游戏鼠标', '59', '59.00', '0.00', '/goods_img/CF39F0EB506D47E09EE781209AB3C2FC.jpg', '2018-09-12 20:09:20', 'F3E6E4A6E4F543D691C75D1B5EF4813E', 'BD6D6982AD474BE6937C0AB75B4BABA7', '768FGTHYDX23CGT8734CR7DTE8R7T284', '0', '0');
INSERT INTO `goods` VALUES ('434509ADCF374F8587BBBE813EE3063C', '手账本', '手账本', '34', '34.20', '0.00', '/goods_img/A9DF98FFB43C4E53B01A99E74445FB62.jpg', '2018-09-12 14:45:57', '36293DA768204936950CF20848A869F1', 'AE5FD0C3473C4119BEE5411B5C574ABA', '25F4EEE1B3154764B443D763EC5EF3C5', '0', '0');
INSERT INTO `goods` VALUES ('44CC4E3CCD304BDEAF6EEF7366CF0E05', '稻香社育儿稻 五常大米', '稻香社育儿稻 五常大米', '20', '288.00', '0.00', '/goods_img/DB3B8DEB54214C2A9DA0FC092D3552EF.png', '2018-09-13 12:35:56', '4AA7446BFA2841E1920F30F626BB14B4', 'CCC48D04E9ED4B62856ED5ED1A2F833B', '25F4EEE1B3154764B443D763EC5EF3C5', '0', '0');
INSERT INTO `goods` VALUES ('4525B1EF6C404444A37D7DE01497596C', '旺旺', '旺旺', '58', '58.80', '0.00', '/goods_img/13FA6CD56AE1482F9CB843D0BC8772E5.jpg', '2018-09-12 17:35:53', '5788D3A552B9477AA4A194FDE7C9B262', '815DB3FA033D4AB79924A407BBEB6F92', 'SSFDF8G987D7S8G8T99E8W7EQUN87FD7', '0', '0');
INSERT INTO `goods` VALUES ('4572E3EFAEDB4709A7DAD7291F111075', '华硕超极本', '华硕超极本', '43', '4399.00', '0.00', '/goods_img/41F964681B684D39921100EEE68C51D6.png', '2018-09-12 19:16:17', '6628436A81DD4C539BA9945E7F6AA0E0', 'D35CB17F7F724F7CBF5648F0A6961462', '6487T7GGYFECRYEIEGYGEDUYRYRUI3RR', '0', '0');
INSERT INTO `goods` VALUES ('47262A30F5694DB798FF0EC2A7E8F1B5', '泸州老窖', '泸州老窖', '288', '288.00', '0.00', '/goods_img/1D78C203FE4E41C09890C3E9E367A622.jpg', '2018-09-12 15:22:19', '5788D3A552B9477AA4A194FDE7C9B262', 'A589F165A7794EFFA54120161C3F8A4A', '25F4EEE1B3154764B443D763EC5EF3C5', '0', '0');
INSERT INTO `goods` VALUES ('49164C2FDF0D41FCA059CCD2D6F452BC', '惠普超极本', '惠普超极本', '49', '4999.00', '0.00', '/goods_img/2DDE9BAD778C4F78B3C8F2425220A569.png', '2018-09-12 19:15:55', '6628436A81DD4C539BA9945E7F6AA0E0', 'D35CB17F7F724F7CBF5648F0A6961462', '6487T7GGYFECRYEIEGYGEDUYRYRUI3RR', '0', '0');
INSERT INTO `goods` VALUES ('496C1056922B4AF3A01A517FF6D3FE06', '鸡蛋干', '鸡蛋干', '74', '4.60', '0.00', '/goods_img/5926F14D3FE14E1DBE187834D0C506E8.jpg', '2018-09-12 20:58:41', 'AA29952BBBB0489D8D712264A6223545', '5D723B43397C41C8849A2EB0F16B8901', 'SSFDF8G987D7S8G8T99E8W7EQUN87FD7', '0', '0');
INSERT INTO `goods` VALUES ('4A160666677644DFA1BECE544A6B444D', '哈尔滨啤酒', '哈尔滨啤酒', '55', '51.90', '0.00', '/goods_img/E691D3B0C9144A9FB902BE921E652E2D.jpg', '2018-09-12 15:23:27', '5788D3A552B9477AA4A194FDE7C9B262', 'A9EEC80AC6BE46C99D4706833A1C038B', '25F4EEE1B3154764B443D763EC5EF3C5', '0', '0');
INSERT INTO `goods` VALUES ('4A8C9D6EE5A044B69A1B9657C077E1F3', '一次性防尘口罩', '一次性防尘口罩', '49', '49.00', '0.00', '/goods_img/E2C0EDC2F56241DFBF90F315ECD8C267.png', '2018-09-12 19:52:16', '6865532E2C4E4BDEAA72567ECB4C8763', '42202444C7EF4D8EA0706E9B6D84265B', '768FGTHYDX23CGT8734CR7DTE8R7T284', '0', '0');
INSERT INTO `goods` VALUES ('4B7E4AD99BF049CCBE6B770128030752', '橄榄油', '橄榄油', '280', '298.00', '0.00', '/goods_img/1A66A67C1CBA423DBD01F872EF609F0A.jpg', '2018-09-12 11:27:21', '4AA7446BFA2841E1920F30F626BB14B4', '54047286E06D476A8899DE27FA859D7F', '25F4EEE1B3154764B443D763EC5EF3C5', '0', '0');
INSERT INTO `goods` VALUES ('4BEB279463C7437DBA580F33BB5DD378', '清扬男士', '清扬男士', '55', '55.80', '0.00', '/goods_img/31FF9320079B4B0CB40014BF41FD8FAA.jpg', '2018-09-13 10:56:34', '6865532E2C4E4BDEAA72567ECB4C8763', '1D8C560F988F484EA3D0F7F846BD64E4', '768FGTHYDX23CGT8734CR7DTE8R7T284', '0', '1');
INSERT INTO `goods` VALUES ('4C22AB07C0854820B7F3D6E93F1C0D76', '维达抽纸', '维达抽纸', '45', '59.80', '0.00', '/goods_img/AE8FAB3B9483406498CE6C55CCCF4ACE.jpg', '2018-09-12 15:16:22', '42507FA77E5E4544A6F84394A19A7915', '3197C420162447AE9387A7BD511F14EE', '25F4EEE1B3154764B443D763EC5EF3C5', '0', '0');
INSERT INTO `goods` VALUES ('4C461DDE1466438AB81039A502739138', '钟情本色抽纸', '钟情本色抽纸', '39', '39.90', '0.00', '/goods_img/A9E84FCA41A34FE9860884ACCBB7EE67.jpg', '2018-09-12 15:17:49', '42507FA77E5E4544A6F84394A19A7915', '3197C420162447AE9387A7BD511F14EE', '25F4EEE1B3154764B443D763EC5EF3C5', '0', '0');
INSERT INTO `goods` VALUES ('4D6994774A0F4461B5AB372A0C86FC70', '大米', '大米', '20', '120.00', '50.00', '/goods_img/118F029FCE494CF387EB0578DCC538F6.png', '2018-09-14 10:04:20', '4AA7446BFA2841E1920F30F626BB14B4', 'CCC48D04E9ED4B62856ED5ED1A2F833B', '25F4EEE1B3154764B443D763EC5EF3C5', '0', '0');
INSERT INTO `goods` VALUES ('4DC8435587FE49DBB04BA46E75E0F0DD', 'galaxy a9 ', 'galaxy a9 ', '17', '1799.00', '0.00', '/goods_img/05F25CDEB4AB4D52807CAD793F8104EE.jpg', '2018-09-12 20:35:29', 'B3E142EFAAD843049ABC36A075D62D09', '9A87CD2FCFDB4FB2BC9F2F845B91C5C0', '6788EFHDJEFUFUIEFIOWFEHEWURUWHRU', '0', '0');
INSERT INTO `goods` VALUES ('4F9AC94BE69F472EBE5B6B62D6B09CD7', '椰子', '椰子', '49', '49.90', '0.00', '/goods_img/FD71CAB0487B40D29B44803754446067.jpg', '2018-09-12 20:50:21', 'FE22C40F29DF48CE95EC3C81844D8985', 'DDE05731D9AC4EBABCAEC397997ACA25', 'SSFDF8G987D7S8G8T99E8W7EQUN87FD7', '0', '0');
INSERT INTO `goods` VALUES ('50F09D9222494F6690D18C05F493B927', '野炊铝箔烤肉纸食品级锡纸', '野炊铝箔烤肉纸食品级锡纸', '99', '9.20', '0.00', '/goods_img/D5820646F2214B43B9198A6E82DD6D7D.jpg', '2018-09-12 15:14:35', '41941F157B1748B39BB176FE2C58AE55', '8366F0A43E924D299112EC314235357A', '25F4EEE1B3154764B443D763EC5EF3C5', '0', '0');
INSERT INTO `goods` VALUES ('51802F1B64D34BB29AEF077B7D184B39', '蘑菇四拼', '蘑菇四拼', '44', '13.90', '0.00', '/goods_img/AF0A5126B89545FB9C4927EEFC03FD91.jpg', '2018-09-12 20:57:26', 'AA29952BBBB0489D8D712264A6223545', '8B3D2D735F374950B542D4B8311B1080', 'SSFDF8G987D7S8G8T99E8W7EQUN87FD7', '0', '0');
INSERT INTO `goods` VALUES ('5183D74427824C4ABB4D2FE460C43916', '神舟战神', '神舟战神', '79', '7999.00', '0.00', '/goods_img/CB2FC864285A4A76A813B34DF173AA8B.png', '2018-09-12 19:13:58', '6628436A81DD4C539BA9945E7F6AA0E0', '6A46500BC805473E8CF13F813B1BA1B2', '6487T7GGYFECRYEIEGYGEDUYRYRUI3RR', '0', '0');
INSERT INTO `goods` VALUES ('525A690244614EC4BB6F9F670460C631', '魅族pro7', '魅族pro7', '199', '1999.00', '0.00', '/goods_img/32D6BF40757645C3B7CBDBE6849D5B82.jpg', '2018-09-12 20:39:59', 'B3E142EFAAD843049ABC36A075D62D09', '9A0EB5068F484FA7A83D5908D64B192C', '6788EFHDJEFUFUIEFIOWFEHEWURUWHRU', '0', '0');
INSERT INTO `goods` VALUES ('529FBA20484145AE9F9FA3594E974027', '汾酒', '汾酒', '658', '658.00', '0.00', '/goods_img/3C02FDBE8B3548D99691FB48029AAC9E.jpg', '2018-09-12 15:22:41', '5788D3A552B9477AA4A194FDE7C9B262', 'A589F165A7794EFFA54120161C3F8A4A', '25F4EEE1B3154764B443D763EC5EF3C5', '0', '0');
INSERT INTO `goods` VALUES ('53DEBD8666B64E61AD86C609D35594BF', '正装领夹', '正装领夹', '66', '66.00', '0.00', '/goods_img/96256288A4274459BD35E2CEAB577986.jpg', '2018-09-12 19:41:33', 'EC46DF8ED4D44C18ABDC8747D7E5F5EA', '374986D49B424334A2A22ED1399CD0AF', '6487T7GGYFECRYEIEGYGEDUYRYRUI3RR', '0', '0');
INSERT INTO `goods` VALUES ('54195907C64C4B58956A66C10E3407AA', 'iphone x ', 'iphone x ', '84', '8479.00', '0.00', '/goods_img/9422035950FB45D1BA3913472AC96509.jpg', '2018-09-12 20:35:02', 'B3E142EFAAD843049ABC36A075D62D09', '594F56AE981749A795EF76F3007EDA17', '6788EFHDJEFUFUIEFIOWFEHEWURUWHRU', '0', '0');
INSERT INTO `goods` VALUES ('5558156A405A4F9782B69E8C68E2AB3E', 'beats头戴式耳机', 'beats头戴式耳机', '79', '479.00', '0.00', '/goods_img/0A066736BACE412BA6453CA0E775DD71.png', '2018-09-13 10:56:51', 'F3E6E4A6E4F543D691C75D1B5EF4813E', '1DFAFFB9C0A64B44837F564A06362428', '768FGTHYDX23CGT8734CR7DTE8R7T284', '0', '1');
INSERT INTO `goods` VALUES ('56423D330E0D4540A45711D27DBEB3BF', 'balabala童装', 'balabala童装', '269', '269.00', '0.00', '/goods_img/86E53E7BFFE04541935D37C5522C9172.jpg', '2018-09-12 19:35:55', 'EC46DF8ED4D44C18ABDC8747D7E5F5EA', 'E4839E961250433ABBD18D5294230629', '6487T7GGYFECRYEIEGYGEDUYRYRUI3RR', '0', '0');
INSERT INTO `goods` VALUES ('5709C9E7C2AD4292A58C23D0458D0CAA', '10双装铝合金筷子', '10双装铝合金筷子', '89', '39.00', '0.00', '/goods_img/7C6B6E1CB142470F8E583B36AEAD8BE1.jpg', '2018-09-12 15:07:36', '41941F157B1748B39BB176FE2C58AE55', '0AB0DAB8B5894EA3B508E5BDA100F393', '25F4EEE1B3154764B443D763EC5EF3C5', '0', '0');
INSERT INTO `goods` VALUES ('5820D1F36C7E4338B02DC2ECD008B428', '藕片', '藕片', '666', '11.80', '0.00', '/goods_img/AB97EC17100148AEA7B7AB4D846B96C6.jpg', '2018-09-12 20:56:54', 'AA29952BBBB0489D8D712264A6223545', '6C0CB7ED5830454F851DD1DB5CBB077F', 'SSFDF8G987D7S8G8T99E8W7EQUN87FD7', '0', '0');
INSERT INTO `goods` VALUES ('594159CA9A2F4E2CB946A431209F90A5', '得力彩色铅笔', '得力彩色铅笔', '78', '18.50', '0.00', '/goods_img/319DD5B5F321489DA12C6FE2BCBBA819.jpg', '2018-09-12 14:44:00', '36293DA768204936950CF20848A869F1', '66CC93F303A846C781384B4F70C607C8', '25F4EEE1B3154764B443D763EC5EF3C5', '0', '0');
INSERT INTO `goods` VALUES ('5BD51E0BDB564AC6BEB032F0AF7FB182', '罗技无线迷你键盘', '罗技无线迷你键盘', '118', '118.00', '0.00', '/goods_img/7025D760E1E94F9BB2479163085F88C9.png', '2018-09-12 19:57:03', 'F3E6E4A6E4F543D691C75D1B5EF4813E', '74DDCFE08DF64709B20BA58CC79312A8', '768FGTHYDX23CGT8734CR7DTE8R7T284', '0', '0');
INSERT INTO `goods` VALUES ('5C2818CBA4964549BB5F834B1F202D86', '初音未来折扇', '初音未来折扇', '3', '45.30', '0.00', '/goods_img/9416BB8A3AB94D11AD501986CCF9F74C.jpg', '2018-09-12 14:52:38', '36293DA768204936950CF20848A869F1', '15858A534D504BDF8E0616AAB7EF0262', '25F4EEE1B3154764B443D763EC5EF3C5', '0', '0');
INSERT INTO `goods` VALUES ('5C9421FD1E764B04A0953FBB66DF6149', '狐妖小红娘土山苏苏cosplay服装', '狐妖小红娘土山苏苏cosplay服装', '26', '269.00', '0.00', '/goods_img/8F29BA55B3C84F2D912FF533E9C74AF0.jpg', '2018-09-12 19:42:47', 'EC46DF8ED4D44C18ABDC8747D7E5F5EA', '283148FF001F4FA0A31A9D5E3CFB8896', '6487T7GGYFECRYEIEGYGEDUYRYRUI3RR', '0', '0');
INSERT INTO `goods` VALUES ('5D048BCCFAAC4BE6B194604C206E9E74', '家用陶瓷碗盘餐具套装', '家用陶瓷碗盘餐具套装', '149', '149.00', '0.00', '/goods_img/B755D63C152D4697A716059341294D16.jpg', '2018-09-12 15:06:18', '41941F157B1748B39BB176FE2C58AE55', '0AB0DAB8B5894EA3B508E5BDA100F393', '25F4EEE1B3154764B443D763EC5EF3C5', '0', '0');
INSERT INTO `goods` VALUES ('5D59EF3BA0E54C8BB8348516C857EBA9', '真彩中性笔', '真彩中性笔', '676', '9.90', '8.00', '/goods_img/696C430F1B3D43848FC4725F90EAF347.png', '2018-09-12 14:42:55', '36293DA768204936950CF20848A869F1', '66CC93F303A846C781384B4F70C607C8', '25F4EEE1B3154764B443D763EC5EF3C5', '0', '0');
INSERT INTO `goods` VALUES ('5FBEA1F53BAF4B09862743C0CE8472BB', '金龙鱼调和油', '金龙鱼调和油', '45', '43.90', '0.00', '/goods_img/4F0A9B22246346B49B68D0B8049BF905.jpg', '2018-09-12 11:28:45', '4AA7446BFA2841E1920F30F626BB14B4', '54047286E06D476A8899DE27FA859D7F', '25F4EEE1B3154764B443D763EC5EF3C5', '0', '0');
INSERT INTO `goods` VALUES ('60867F6A02A34BDBB8B10E69985CC92D', '便携式双层鸡蛋保鲜收纳盒', '便携式双层鸡蛋保鲜收纳盒', '666', '22.90', '0.00', '/goods_img/0EA38D26EF7D4CFF9685E434DE494A59.jpg', '2018-09-12 15:12:53', '41941F157B1748B39BB176FE2C58AE55', 'EB2E59A1EBB1444391A5809B426E7E60', '25F4EEE1B3154764B443D763EC5EF3C5', '0', '0');
INSERT INTO `goods` VALUES ('60F19D3666EF4045BE99DA45568577FC', '千岛源纯正茶油', '千岛源纯正茶油', '598', '598.00', '500.00', '/goods_img/6C470341B6FB4BAB934EFE75B099BA53.jpg', '2018-09-12 11:30:08', '4AA7446BFA2841E1920F30F626BB14B4', '54047286E06D476A8899DE27FA859D7F', '25F4EEE1B3154764B443D763EC5EF3C5', '0', '0');
INSERT INTO `goods` VALUES ('61F9BFB452C74C93946A756213E0DD9E', '惠普游戏定制整机', '惠普游戏定制整机', '21', '2199.00', '0.00', '/goods_img/F594459FAE4C4BB68EE9420B4980A5D2.jpg', '2018-09-12 19:27:17', '6628436A81DD4C539BA9945E7F6AA0E0', '81152C140655406AA7A985F90EB53BFD', '6487T7GGYFECRYEIEGYGEDUYRYRUI3RR', '0', '0');
INSERT INTO `goods` VALUES ('62385286B16D4841A3B4E919CBE16BE8', '蓝色百事可乐', '蓝色百事可乐', '20', '20.80', '0.00', '/goods_img/C347F3CBB0D948C485B1732484BF4B4A.jpg', '2018-09-13 11:11:46', '5788D3A552B9477AA4A194FDE7C9B262', '13A99DCED21A4813BCEB8F865BD6DEC5', 'SSFDF8G987D7S8G8T99E8W7EQUN87FD7', '0', '0');
INSERT INTO `goods` VALUES ('6440AA1A632540F49910ECCC45E9A127', '莲子', '莲子', '440', '48.80', '0.00', '/goods_img/495B6406073048DB856A9F5B962239FB.jpg', '2018-09-12 14:18:14', '4AA7446BFA2841E1920F30F626BB14B4', 'E8D7DEC961774742B9104CB23CD5A8C7', '25F4EEE1B3154764B443D763EC5EF3C5', '0', '0');
INSERT INTO `goods` VALUES ('64EAE35B909C4C4FB074A80DBD282B25', '太太乐鸡精', '太太乐鸡精', '77', '9.90', '0.00', '/goods_img/377EBCB4D92641BCB85073A278ADA456.jpg', '2018-09-12 11:19:50', '4AA7446BFA2841E1920F30F626BB14B4', '4F45768A1C5845179AA1E81E067865EB', '25F4EEE1B3154764B443D763EC5EF3C5', '0', '0');
INSERT INTO `goods` VALUES ('666ADE5E3E0B402F9068CCD3AA776710', '一次性餐具吃蛋糕道具', '一次性餐具吃蛋糕道具', '78', '43.00', '0.00', '/goods_img/6CA3DC1749634EDD918A2FD9F0D70D23.jpg', '2018-09-12 15:10:05', '41941F157B1748B39BB176FE2C58AE55', '3BA9F80804794AB9B178FD805EC006D9', '25F4EEE1B3154764B443D763EC5EF3C5', '0', '0');
INSERT INTO `goods` VALUES ('67521D95D8004FFC8EF48A073B470D7B', '七度空间卫生巾', '七度空间卫生巾', '64', '64.90', '0.00', '/goods_img/1C27990D19B04BA4B704CA96C05CCBFB.jpg', '2018-09-12 19:50:13', '6865532E2C4E4BDEAA72567ECB4C8763', '2F98393B55AA4A4299AAC61351017E6E', '768FGTHYDX23CGT8734CR7DTE8R7T284', '0', '0');
INSERT INTO `goods` VALUES ('6AF68E7A1DB04F1AB8DB5A148C8068C1', '法克曼牙签独立包装', '法克曼牙签独立包装', '99', '8.28', '0.00', '/goods_img/7294AD83C4FD4A71BE4C370CD057FBB1.jpg', '2018-09-12 15:10:28', '41941F157B1748B39BB176FE2C58AE55', '3BA9F80804794AB9B178FD805EC006D9', '25F4EEE1B3154764B443D763EC5EF3C5', '0', '0');
INSERT INTO `goods` VALUES ('6BBBACF745DF4DB39E5C7B458E8CB4D5', '拉夏贝尔碎花衬衫', '拉夏贝尔碎花衬衫', '239', '239.00', '0.00', '/goods_img/EDB4268714764168AD8A3ECD09D21721.jpg', '2018-09-12 19:32:24', 'EC46DF8ED4D44C18ABDC8747D7E5F5EA', 'F485CE0ADD6A4B019A75C8C724E22469', '6487T7GGYFECRYEIEGYGEDUYRYRUI3RR', '0', '0');
INSERT INTO `goods` VALUES ('6BD905D7AD7D405FAAEE549B8074BA1B', '360智能摄像机', '360智能摄像机', '25', '125.00', '0.00', '/goods_img/24109D4EC069425CAB1775BAA9AC41A5.png', '2018-09-12 20:16:34', 'F3E6E4A6E4F543D691C75D1B5EF4813E', 'FEE96F8F336240A9BD53716457AC426B', '768FGTHYDX23CGT8734CR7DTE8R7T284', '0', '0');
INSERT INTO `goods` VALUES ('6BF15E935C3F4AA0ADBBDF8F25503155', '贺卡', '贺卡', '55', '41.60', '0.00', '/goods_img/BB5840BD8EBA45BE9B06E2B0EB4C7E0B.jpg', '2018-09-12 14:46:25', '36293DA768204936950CF20848A869F1', 'AE5FD0C3473C4119BEE5411B5C574ABA', '25F4EEE1B3154764B443D763EC5EF3C5', '0', '0');
INSERT INTO `goods` VALUES ('6F9C49646A2848BCA0210FB75A211192', '纯棉新手幼儿礼盒', '纯棉新手幼儿礼盒', '50', '501.00', '0.00', '/goods_img/7C53FC31AFC74007B2BF0318063559AF.jpg', '2018-09-12 19:37:18', 'EC46DF8ED4D44C18ABDC8747D7E5F5EA', 'E4839E961250433ABBD18D5294230629', '6487T7GGYFECRYEIEGYGEDUYRYRUI3RR', '0', '0');
INSERT INTO `goods` VALUES ('6FE3A9BCA5F846C49949700F15F5B436', '清风卷纸', '清风卷纸', '77', '57.90', '0.00', '/goods_img/21260A943D7C446EB642B9FA4F3028FA.jpg', '2018-09-12 15:19:25', '42507FA77E5E4544A6F84394A19A7915', '334B1B3B90B54B3D83403DE3A81E1AC9', '25F4EEE1B3154764B443D763EC5EF3C5', '0', '0');
INSERT INTO `goods` VALUES ('7165AAE670CA4D5999BE27136172B5F6', '双层复底不锈钢蒸锅', '双层复底不锈钢蒸锅', '119', '119.00', '0.00', '/goods_img/7930F78AA93B4F5C85F6420332B8C70B.png', '2018-09-12 14:59:26', '41941F157B1748B39BB176FE2C58AE55', '6503C1C64B174F22944C85B69EBAFC9E', '25F4EEE1B3154764B443D763EC5EF3C5', '0', '0');
INSERT INTO `goods` VALUES ('72F48B647B18439D9783243F93B0002C', '达利园好吃点', '达利园好吃点', '19', '19.90', '0.00', '/goods_img/71CBBBB9930441CBA4385838F44614DB.jpg', '2018-09-13 10:49:53', '6450FD423B094D77A3A1CAAE32FABA69', '3B56B78780E2473995FDF6C2047EEB6B', '6788EFHDJEFUFUIEFIOWFEHEWURUWHRU', '0', '0');
INSERT INTO `goods` VALUES ('744ED03AB1E94F039ABBB96F2D0C2299', '马桶刷套装', '马桶刷套装', '66', '8.90', '0.00', '/goods_img/17CC80BAC0114A518034F13554EB9B11.png', '2018-09-12 19:48:44', '6865532E2C4E4BDEAA72567ECB4C8763', 'DEFE1E3167614EDAA04648DCD55A50EC', '768FGTHYDX23CGT8734CR7DTE8R7T284', '0', '0');
INSERT INTO `goods` VALUES ('747B11123D1E408191CC03893ED7D437', '美年达', '美年达', '55', '45.90', '0.00', '/goods_img/4C027F298F0B4C5BAE161CAE8C42419A.jpg', '2018-09-12 17:35:13', '5788D3A552B9477AA4A194FDE7C9B262', '13A99DCED21A4813BCEB8F865BD6DEC5', 'SSFDF8G987D7S8G8T99E8W7EQUN87FD7', '0', '0');
INSERT INTO `goods` VALUES ('74B9ACEF33D84E0A9264F1C03E6162EC', '全职高手斜挎包', '全职高手斜挎包', '6', '170.88', '0.00', '/goods_img/4146EC003E404EF4A7F0A39EFBD4700B.jpg', '2018-09-12 14:53:46', '36293DA768204936950CF20848A869F1', '15858A534D504BDF8E0616AAB7EF0262', '25F4EEE1B3154764B443D763EC5EF3C5', '0', '0');
INSERT INTO `goods` VALUES ('758CBDBF98934150A4BCAB8686036952', '三星 galaxy note  9', '三星 galaxy note  9', '69', '6999.00', '0.00', '/goods_img/88B5BF54E0F848218473DDB197C59683.jpg', '2018-09-12 20:36:17', 'B3E142EFAAD843049ABC36A075D62D09', '9A87CD2FCFDB4FB2BC9F2F845B91C5C0', '6788EFHDJEFUFUIEFIOWFEHEWURUWHRU', '0', '0');
INSERT INTO `goods` VALUES ('76FFF9A796004229ACFD2746CC8969D5', 'iphone6 ', 'iphone6 ', '18', '1899.00', '0.00', '/goods_img/D57FE88D939C4F7EB4CBFE2425F1E6BD.jpg', '2018-09-12 20:34:05', 'B3E142EFAAD843049ABC36A075D62D09', '594F56AE981749A795EF76F3007EDA17', '6788EFHDJEFUFUIEFIOWFEHEWURUWHRU', '0', '0');
INSERT INTO `goods` VALUES ('782CEAF4156A40A49A45B1CB4CFE2461', '天喔无核话梅', '天喔无核话梅', '335', '35.90', '0.00', '/goods_img/B338FA905FD74F8980E99B6A3897DAE2.jpg', '2018-09-12 17:50:20', '6450FD423B094D77A3A1CAAE32FABA69', '6CEE64CCB61F40128C561B694241FC1B', '6788EFHDJEFUFUIEFIOWFEHEWURUWHRU', '0', '0');
INSERT INTO `goods` VALUES ('78A9BBFF452D4C66B53FF2C7663CE673', '小米8 ', '小米8 ', '28', '2839.00', '0.00', '/goods_img/1B6D488073AF41198509C82F4E5BB8F4.jpg', '2018-09-12 20:38:47', 'B3E142EFAAD843049ABC36A075D62D09', '1AA4BF1F453249DC934F159AC1766720', '6788EFHDJEFUFUIEFIOWFEHEWURUWHRU', '0', '0');
INSERT INTO `goods` VALUES ('78D187B3FCC644A3B3349631C37A19DE', '未加碘天山湖盐', '未加碘天山湖盐', '44', '2.70', '0.00', '/goods_img/BAEF66CCE2E0404AB3F0BCA6E970FFD8.jpg', '2018-09-12 11:21:40', '4AA7446BFA2841E1920F30F626BB14B4', '4F45768A1C5845179AA1E81E067865EB', '25F4EEE1B3154764B443D763EC5EF3C5', '0', '0');
INSERT INTO `goods` VALUES ('7A32ABBACCAE4A13AD3E1B277C1F3CDA', '魅族15 ', '魅族15 ', '69', '1699.00', '0.00', '/goods_img/2F65E6E95C744EDAB14AE442B71193F4.png', '2018-09-12 20:40:27', 'B3E142EFAAD843049ABC36A075D62D09', '9A0EB5068F484FA7A83D5908D64B192C', '6788EFHDJEFUFUIEFIOWFEHEWURUWHRU', '0', '0');
INSERT INTO `goods` VALUES ('7B6E33BA372540F2B2480C046C617196', '印章', '印章', '56', '8.80', '0.00', '/goods_img/D30684215E8E4E11BBA37F0F1509B66C.jpg', '2018-09-12 14:47:15', '36293DA768204936950CF20848A869F1', 'AE5FD0C3473C4119BEE5411B5C574ABA', '25F4EEE1B3154764B443D763EC5EF3C5', '0', '0');
INSERT INTO `goods` VALUES ('7C415A98B19D4EB497C252161D2D5202', '松茸', '松茸', '32', '328.00', '0.00', '/goods_img/0064E3A16299458F98BEF4368502B344.jpg', '2018-09-12 20:54:42', 'AA29952BBBB0489D8D712264A6223545', '8B3D2D735F374950B542D4B8311B1080', 'SSFDF8G987D7S8G8T99E8W7EQUN87FD7', '0', '0');
INSERT INTO `goods` VALUES ('7E36F32D51F54D47AEFC52D2ECFDD994', '一次性餐用手套', '一次性餐用手套', '12', '12.90', '0.00', '/goods_img/AA6FC020BEC14A019F35B6C51868D05A.png', '2018-09-12 19:51:51', '6865532E2C4E4BDEAA72567ECB4C8763', '42202444C7EF4D8EA0706E9B6D84265B', '768FGTHYDX23CGT8734CR7DTE8R7T284', '0', '0');
INSERT INTO `goods` VALUES ('7F7A70D751E945B683C7FA5229C8D288', '燕京啤酒', '燕京啤酒', '555', '76.00', '0.00', '/goods_img/94C6B3C404454F3887BE3D5C8397F239.jpg', '2018-09-13 10:56:32', '5788D3A552B9477AA4A194FDE7C9B262', 'A9EEC80AC6BE46C99D4706833A1C038B', '25F4EEE1B3154764B443D763EC5EF3C5', '0', '1');
INSERT INTO `goods` VALUES ('7FB84228701549849F60C29763986D04', '食用猪油', '食用猪油', '344', '21.80', '0.00', '/goods_img/4D36DA039DD6439F8EFB027344612F7F.png', '2018-09-12 11:29:12', '4AA7446BFA2841E1920F30F626BB14B4', '54047286E06D476A8899DE27FA859D7F', '25F4EEE1B3154764B443D763EC5EF3C5', '0', '0');
INSERT INTO `goods` VALUES ('82FA8EB1CE1D401D81ABCEA192321C3E', '菲尔普斯背光键盘', '菲尔普斯背光键盘', '84', '84.80', '0.00', '/goods_img/F96909DCDE70436AB36B769FD7DE3E4A.jpg', '2018-09-12 19:59:19', 'F3E6E4A6E4F543D691C75D1B5EF4813E', '74DDCFE08DF64709B20BA58CC79312A8', '768FGTHYDX23CGT8734CR7DTE8R7T284', '0', '0');
INSERT INTO `goods` VALUES ('83665BB5FB474085AA6F4587568F3EFF', '怡宝', '怡宝', '33', '31.20', '0.00', '/goods_img/68F259D5561244A99B3A5FA74AFB134A.jpg', '2018-09-12 17:47:08', '5788D3A552B9477AA4A194FDE7C9B262', '97D7C421974C4BBC93C3B297ECF58164', '6788EFHDJEFUFUIEFIOWFEHEWURUWHRU', '0', '0');
INSERT INTO `goods` VALUES ('8470BB86D9634FCCB8CA02F08BBF0A16', '臭豆腐', '臭豆腐', '199', '19.90', '0.00', '/goods_img/9BEF4D79E84549B987B5B7FF96A40A87.jpg', '2018-09-12 20:47:41', 'AC19F2D3D6704A3D9F8CD9C41CAA2D04', '67549B05AC4B46C1976DFEFA99F362C8', 'SSFDF8G987D7S8G8T99E8W7EQUN87FD7', '0', '0');
INSERT INTO `goods` VALUES ('852791902EE44DE0885ED769F211A175', '黄花菜', '黄花菜', '16', '16.80', '10.80', '/goods_img/E43C7891C5CA48AAB02FF22AD0E603F0.jpg', '2018-09-12 14:20:07', '4AA7446BFA2841E1920F30F626BB14B4', 'E8D7DEC961774742B9104CB23CD5A8C7', '25F4EEE1B3154764B443D763EC5EF3C5', '0', '0');
INSERT INTO `goods` VALUES ('85D1455C28E14EAFB1A7AB0E1D84E87D', '男童夹克', '男童夹克', '33', '332.00', '0.00', '/goods_img/1F4886BFB43C4993A1F764D5E5B245E8.jpg', '2018-09-12 19:36:22', 'EC46DF8ED4D44C18ABDC8747D7E5F5EA', 'E4839E961250433ABBD18D5294230629', '6487T7GGYFECRYEIEGYGEDUYRYRUI3RR', '0', '0');
INSERT INTO `goods` VALUES ('8711E8179F5E4BA798BC229F81E9C450', '红豆相思鸟秋衣秋裤', '红豆相思鸟秋衣秋裤', '70', '70.00', '0.00', '/goods_img/E4C175C5C509419ABCA8721AF770C690.jpg', '2018-09-12 19:40:04', 'EC46DF8ED4D44C18ABDC8747D7E5F5EA', 'A0AB20A881784CF3AFE72B02BC0FB904', '6487T7GGYFECRYEIEGYGEDUYRYRUI3RR', '0', '0');
INSERT INTO `goods` VALUES ('88AE29470C044815BF06BE7F6D53FA2B', '一次性餐盒烘焙烧烤', '一次性餐盒烘焙烧烤', '88', '19.80', '0.00', '/goods_img/19C5934798F342E797716E23458415CE.jpg', '2018-09-12 15:14:09', '41941F157B1748B39BB176FE2C58AE55', '8366F0A43E924D299112EC314235357A', '25F4EEE1B3154764B443D763EC5EF3C5', '0', '0');
INSERT INTO `goods` VALUES ('88B79B64CCEA4B5A955D34F7F69A3DC6', '扫把', '扫把', '47', '47.60', '0.00', '/goods_img/3494BE95E18142F4BB3119050E5265F3.png', '2018-09-12 19:49:51', '6865532E2C4E4BDEAA72567ECB4C8763', 'DEFE1E3167614EDAA04648DCD55A50EC', '768FGTHYDX23CGT8734CR7DTE8R7T284', '0', '0');
INSERT INTO `goods` VALUES ('895E14178D1341A18C06139FE1C31A45', '始祖鸟扎线织物腰带', '始祖鸟扎线织物腰带', '28', '283.00', '0.00', '/goods_img/203A0B9420784C5A9F3C72C8C2692CFA.png', '2018-09-13 10:56:46', 'EC46DF8ED4D44C18ABDC8747D7E5F5EA', '0E04D0B9AC2E47C48FD2475E4C05D1BA', '6487T7GGYFECRYEIEGYGEDUYRYRUI3RR', '0', '1');
INSERT INTO `goods` VALUES ('89FB61705E164FEA87CE5FD2A28486EC', '罗技高清摄像头', '罗技高清摄像头', '195', '195.00', '0.00', '/goods_img/AAB441B7729149A8A0403971B9A03383.jpg', '2018-09-12 20:17:07', 'F3E6E4A6E4F543D691C75D1B5EF4813E', 'FEE96F8F336240A9BD53716457AC426B', '768FGTHYDX23CGT8734CR7DTE8R7T284', '0', '0');
INSERT INTO `goods` VALUES ('8E2F2CE8585E406D9EA322637363CD36', 'beats X蓝牙无线耳机', 'beats X蓝牙无线耳机', '88', '889.00', '0.00', '/goods_img/9829EFA55229477485E175D653A84DF5.png', '2018-09-12 20:14:22', 'F3E6E4A6E4F543D691C75D1B5EF4813E', '1DFAFFB9C0A64B44837F564A06362428', '768FGTHYDX23CGT8734CR7DTE8R7T284', '0', '0');
INSERT INTO `goods` VALUES ('8E91BF3B22C24A42AF956B78D2D4A3BC', '钟情卷纸', '钟情卷纸', '98', '98.00', '0.00', '/goods_img/0C19151F596148FCADBB6BA9EB523439.jpg', '2018-09-12 15:18:15', '42507FA77E5E4544A6F84394A19A7915', '334B1B3B90B54B3D83403DE3A81E1AC9', '25F4EEE1B3154764B443D763EC5EF3C5', '0', '0');
INSERT INTO `goods` VALUES ('90F85727331542C4974457240DC99C17', '健身发泄球', '健身发泄球', '22', '226.00', '0.00', '/goods_img/45333EEEC8864CA08B3A88A336BA9C15.jpg', '2018-09-12 19:54:43', 'FF380E2E94EE49718516F1356C452BA9', '65DDEDF484934A29AE803EAE88BF7F9B', '768FGTHYDX23CGT8734CR7DTE8R7T284', '0', '0');
INSERT INTO `goods` VALUES ('927151D38CC844AF94B21224D6DE1A91', '油温烘焙烧烤测温仪', '油温烘焙烧烤测温仪', '125', '125.00', '0.00', '/goods_img/0681885544E4468C99518CB28BE6C8BA.jpg', '2018-09-12 15:15:55', '41941F157B1748B39BB176FE2C58AE55', '8366F0A43E924D299112EC314235357A', '25F4EEE1B3154764B443D763EC5EF3C5', '0', '0');
INSERT INTO `goods` VALUES ('93B77B9E919745FFADF5A00DA486C437', '真彩荧光笔', '真彩荧光笔', '99', '8.80', '0.00', '/goods_img/8A44F681C0A44CB0951F83307006F46D.jpg', '2018-09-12 14:39:48', '36293DA768204936950CF20848A869F1', '66CC93F303A846C781384B4F70C607C8', '25F4EEE1B3154764B443D763EC5EF3C5', '0', '0');
INSERT INTO `goods` VALUES ('94F2D437CD794440B2964629B1BCA3E2', 'ipad pro4599', 'ipad pro4599', '33', '4599.00', '0.00', '/goods_img/F897054C5D8147F8B09D44A40D72CD56.png', '2018-09-12 19:09:04', '6628436A81DD4C539BA9945E7F6AA0E0', '0EF18509B1A0458FBA1D5A15E1A53150', '6487T7GGYFECRYEIEGYGEDUYRYRUI3RR', '0', '0');
INSERT INTO `goods` VALUES ('969BFBB347C54C83AFE26C4B020F6F98', '炭雕摆件', '炭雕摆件', '86', '86.00', '0.00', '/goods_img/6FC8EBAE927A46438B5546F9C5509E1C.jpg', '2018-09-12 14:48:39', '36293DA768204936950CF20848A869F1', 'AE5FD0C3473C4119BEE5411B5C574ABA', '25F4EEE1B3154764B443D763EC5EF3C5', '0', '0');
INSERT INTO `goods` VALUES ('9781E596554A482181412769356EB4E1', '山药', '山药', '66', '13.90', '0.00', '/goods_img/A293B496691048C2822D4E9EEB1D543C.jpg', '2018-09-12 20:58:17', 'AA29952BBBB0489D8D712264A6223545', '6C0CB7ED5830454F851DD1DB5CBB077F', 'SSFDF8G987D7S8G8T99E8W7EQUN87FD7', '0', '0');
INSERT INTO `goods` VALUES ('97F98CE37B964211A97814B6173276E1', '红米6A', '红米6A', '53', '539.00', '0.00', '/goods_img/4FC50957CCC444DF97ADA9F8D8539E93.jpg', '2018-09-12 20:38:16', 'B3E142EFAAD843049ABC36A075D62D09', '1AA4BF1F453249DC934F159AC1766720', '6788EFHDJEFUFUIEFIOWFEHEWURUWHRU', '0', '0');
INSERT INTO `goods` VALUES ('97FC2529DDDC474BA7DBAAAA0FE9CF5E', '电信版手机', '电信版手机', '139', '139.00', '0.00', '/goods_img/FFEC36EAB81548FAA97D09C1B3D857A5.jpg', '2018-09-12 20:41:58', 'B3E142EFAAD843049ABC36A075D62D09', '98C300D1EF904F67A40D4C32C71D8960', '6788EFHDJEFUFUIEFIOWFEHEWURUWHRU', '0', '0');
INSERT INTO `goods` VALUES ('98AEF5D4B070472E9F9D7ECD201055DE', '晨光按动中性笔', '晨光按动中性笔', '66', '2.00', '0.00', '/goods_img/24C534EB95FE4C0C9B337808C8A9E171.jpg', '2018-09-12 14:33:49', '36293DA768204936950CF20848A869F1', '66CC93F303A846C781384B4F70C607C8', '25F4EEE1B3154764B443D763EC5EF3C5', '0', '0');
INSERT INTO `goods` VALUES ('9C0EE82E1A9B41DABEDF4A58096E927E', '卤味凤爪', '卤味凤爪', '42', '42.80', '0.00', '/goods_img/76CB63BA0C5E448A94E1A91FFE1A28F9.jpg', '2018-09-12 20:44:11', 'AC19F2D3D6704A3D9F8CD9C41CAA2D04', '79E22952FCC8440899192FB97417A12B', 'SSFDF8G987D7S8G8T99E8W7EQUN87FD7', '0', '0');
INSERT INTO `goods` VALUES ('9C4943029D4A4494AC055BAAADBA6035', '高拓', '高拓', '12', '1299.00', '0.00', '/goods_img/1C324374C4E14E7988C26B7BC78AD3D7.jpg', '2018-09-12 19:29:07', '6628436A81DD4C539BA9945E7F6AA0E0', '019E0D68DF3B4A70B4D9B945B7C78FBD', '6487T7GGYFECRYEIEGYGEDUYRYRUI3RR', '0', '0');
INSERT INTO `goods` VALUES ('9D46DDDA81A849CEA49B3C07E621832C', '景德镇中式组合餐具56件', '景德镇中式组合餐具56件', '6', '590.00', '0.00', '/goods_img/4840783A9F0945C7891C2D55EEB6BF5D.jpg', '2018-09-12 15:09:19', '41941F157B1748B39BB176FE2C58AE55', '0AB0DAB8B5894EA3B508E5BDA100F393', '25F4EEE1B3154764B443D763EC5EF3C5', '0', '0');
INSERT INTO `goods` VALUES ('9DE38A560A2B459690A1F83E80EA771A', '云南白药牙膏', '云南白药牙膏', '28', '28.30', '0.00', '/goods_img/BA21FB763F2C42188D3B652E6C880FFE.jpg', '2018-09-12 19:48:15', '6865532E2C4E4BDEAA72567ECB4C8763', '1D8C560F988F484EA3D0F7F846BD64E4', '768FGTHYDX23CGT8734CR7DTE8R7T284', '0', '0');
INSERT INTO `goods` VALUES ('9DE8CB321DB545A7BF13C3977DDF10F1', '王者荣耀貂蝉cosplay服装', '王者荣耀貂蝉cosplay服装', '48', '483.00', '0.00', '/goods_img/1971E7565BBF45AF9072DCD6C8FD83F2.jpg', '2018-09-12 19:42:10', 'EC46DF8ED4D44C18ABDC8747D7E5F5EA', '283148FF001F4FA0A31A9D5E3CFB8896', '6487T7GGYFECRYEIEGYGEDUYRYRUI3RR', '0', '0');
INSERT INTO `goods` VALUES ('9E4400BA976F45FAB7461FEE3DAC5048', '茵曼太阳帽女', '茵曼太阳帽女', '59', '59.00', '0.00', '/goods_img/4C67A4D3F48D4F93B22A7AC5962AA5F0.jpg', '2018-09-12 19:44:08', 'EC46DF8ED4D44C18ABDC8747D7E5F5EA', '0E04D0B9AC2E47C48FD2475E4C05D1BA', '6487T7GGYFECRYEIEGYGEDUYRYRUI3RR', '0', '0');
INSERT INTO `goods` VALUES ('A031E041591346D09FA4BA72FAEA86FA', '茄子', '茄子', '79', '7.90', '0.00', '/goods_img/42A42EC271C349CC9B7C7CF9FA9158C1.jpg', '2018-09-12 20:57:51', 'AA29952BBBB0489D8D712264A6223545', '6C0CB7ED5830454F851DD1DB5CBB077F', 'SSFDF8G987D7S8G8T99E8W7EQUN87FD7', '0', '0');
INSERT INTO `goods` VALUES ('A09E7BD53636486CB384EFC1B8664A5E', '冬枣', '冬枣', '123', '12.80', '0.00', '/goods_img/CD521355258E468C9EE2CA754A7CC9A2.jpg', '2018-09-12 20:52:27', 'FE22C40F29DF48CE95EC3C81844D8985', 'EA29B38F92B1455C929B90C6B87612F6', 'SSFDF8G987D7S8G8T99E8W7EQUN87FD7', '0', '0');
INSERT INTO `goods` VALUES ('A29EDB2374B44237BA412A1065C5CDFD', '小汤锅', '小汤锅', '138', '138.00', '0.00', '/goods_img/18912CE9A89C48C395D08E4F249790AD.png', '2018-09-12 15:03:32', '41941F157B1748B39BB176FE2C58AE55', '6503C1C64B174F22944C85B69EBAFC9E', '25F4EEE1B3154764B443D763EC5EF3C5', '0', '0');
INSERT INTO `goods` VALUES ('A2EE85AEC7E6409EAB0B46D586E8152D', '金针菇', '金针菇', '45', '2.90', '0.00', '/goods_img/0D40B03AC991452782E9DB7B8A3ECD8C.jpg', '2018-09-12 20:56:04', 'AA29952BBBB0489D8D712264A6223545', '1E2AC294F8F940C08167B598D2B9172D', 'SSFDF8G987D7S8G8T99E8W7EQUN87FD7', '0', '0');
INSERT INTO `goods` VALUES ('A52F838B37724730A63BD9F0EF1C86C6', '全职高手立牌', '全职高手立牌', '88', '38.80', '0.00', '/goods_img/0792E08E58644D699369052FE72BCA42.jpg', '2018-09-12 14:52:59', '36293DA768204936950CF20848A869F1', '15858A534D504BDF8E0616AAB7EF0262', '25F4EEE1B3154764B443D763EC5EF3C5', '0', '0');
INSERT INTO `goods` VALUES ('AAA84EA0DFFB481EB988727B9F038B64', '美斯特休闲毛衣', '美斯特休闲毛衣', '79', '79.00', '0.00', '/goods_img/D1B91714CE894DEAB6D2586E881A1568.jpg', '2018-09-12 19:33:58', 'EC46DF8ED4D44C18ABDC8747D7E5F5EA', 'C234F65DABE84DF9A3616FB39786309C', '6487T7GGYFECRYEIEGYGEDUYRYRUI3RR', '0', '0');
INSERT INTO `goods` VALUES ('AAC4F48CE5E045A1AC04C9E99153684F', '心相印卷纸', '心相印卷纸', '59', '59.80', '0.00', '/goods_img/EB04CC83A560434AA9A1B646F943C1F5.jpg', '2018-09-12 15:18:41', '42507FA77E5E4544A6F84394A19A7915', '334B1B3B90B54B3D83403DE3A81E1AC9', '25F4EEE1B3154764B443D763EC5EF3C5', '0', '0');
INSERT INTO `goods` VALUES ('AACD2B5397DA40A6AB403CC5EC9E7FF8', '一次性筷子2000双', '一次性筷子2000双', '66', '28.80', '0.00', '/goods_img/4A7DB00F9787430781722E50C5D301C1.jpg', '2018-09-12 15:10:49', '41941F157B1748B39BB176FE2C58AE55', '3BA9F80804794AB9B178FD805EC006D9', '25F4EEE1B3154764B443D763EC5EF3C5', '0', '0');
INSERT INTO `goods` VALUES ('ABE45D452EC542A09A4546DA26522E20', '凤梨', '凤梨', '55', '19.90', '0.00', '/goods_img/6718455A9D174344905F0F6180F6CC7A.jpg', '2018-09-13 10:49:52', 'FE22C40F29DF48CE95EC3C81844D8985', 'DDE05731D9AC4EBABCAEC397997ACA25', 'SSFDF8G987D7S8G8T99E8W7EQUN87FD7', '0', '0');
INSERT INTO `goods` VALUES ('AED9E1BEE20D4E3099F71AA80C7E7D6D', '生日派对餐具套装', '生日派对餐具套装', '22', '39.60', '0.00', '/goods_img/50F055B0B2C04191BF67244D932B13D6.jpg', '2018-09-12 15:11:10', '41941F157B1748B39BB176FE2C58AE55', '3BA9F80804794AB9B178FD805EC006D9', '25F4EEE1B3154764B443D763EC5EF3C5', '0', '0');
INSERT INTO `goods` VALUES ('AEE4C06491AB4F82B93511C0C6B434E0', '袜子女棉短袜', '袜子女棉短袜', '67', '6.75', '0.00', '/goods_img/213FA1486884428AB0C70E71076DB604.jpg', '2018-09-12 19:38:41', 'EC46DF8ED4D44C18ABDC8747D7E5F5EA', 'A0AB20A881784CF3AFE72B02BC0FB904', '6487T7GGYFECRYEIEGYGEDUYRYRUI3RR', '0', '0');
INSERT INTO `goods` VALUES ('AFC8CAB7257A400D88ED66B23AB58007', '百草味猪肉脯', '百草味猪肉脯', '16', '16.90', '0.00', '/goods_img/247820F7877E4783A13D985756C24084.jpg', '2018-09-12 17:54:55', '6450FD423B094D77A3A1CAAE32FABA69', '3BDC4B5EC7CC465A97E73D81540546CB', '6788EFHDJEFUFUIEFIOWFEHEWURUWHRU', '0', '0');
INSERT INTO `goods` VALUES ('B003A387199F444F8D9DC0BE53238711', '吃鸡游戏定制', '吃鸡游戏定制', '24', '2499.00', '0.00', '/goods_img/651E8B87DF474ADAB3109983E7D2278B.jpg', '2018-09-12 19:28:28', '6628436A81DD4C539BA9945E7F6AA0E0', '81152C140655406AA7A985F90EB53BFD', '6487T7GGYFECRYEIEGYGEDUYRYRUI3RR', '0', '0');
INSERT INTO `goods` VALUES ('B17C3BDCAD154A199FDBDCB97C721BF2', '汤煲', '汤煲', '72', '72.00', '0.00', '/goods_img/850F44A5467D4FFEAB0D8F70E602739D.jpg', '2018-09-12 15:05:30', '41941F157B1748B39BB176FE2C58AE55', '6503C1C64B174F22944C85B69EBAFC9E', '25F4EEE1B3154764B443D763EC5EF3C5', '0', '0');
INSERT INTO `goods` VALUES ('B223132C95584BC9BBE124F0498804D9', '胡萝卜汁', '胡萝卜汁', '64', '46.80', '0.00', '/goods_img/D216C1E18FD3464DBCD4C622A31A7560.jpg', '2018-09-12 17:32:38', '5788D3A552B9477AA4A194FDE7C9B262', 'C9EAB1C56D9F4E9DA67C78DB94CF4E99', 'SSFDF8G987D7S8G8T99E8W7EQUN87FD7', '0', '0');
INSERT INTO `goods` VALUES ('B2FF993167DF4360966DAAADAC006353', '怦然心动手表', '怦然心动手表', '2', '79.00', '0.00', '/goods_img/B699032C077D4D029DF8DFE4330BA7C3.jpg', '2018-09-12 14:54:05', '36293DA768204936950CF20848A869F1', '15858A534D504BDF8E0616AAB7EF0262', '25F4EEE1B3154764B443D763EC5EF3C5', '0', '0');
INSERT INTO `goods` VALUES ('B91D686A94314E5BB0EFE7C36979286E', '复底麦饭石涂层平底炒锅', '复底麦饭石涂层平底炒锅', '159', '159.00', '0.00', '/goods_img/BBA52F4CEFAC405783E7B158A4CB5D7D.jpg', '2018-09-12 15:00:05', '41941F157B1748B39BB176FE2C58AE55', '6503C1C64B174F22944C85B69EBAFC9E', '25F4EEE1B3154764B443D763EC5EF3C5', '0', '0');
INSERT INTO `goods` VALUES ('BDAD028009B5454F9C059AC6E0D90A2C', '韩式环保健康创意筷子勺子叉套装', '\r\n韩式环保健康创意筷子勺子叉套装\r\n', '555', '9.90', '0.00', '/goods_img/382F713BEE40441B99105B97AB5CC984.png', '2018-09-12 15:08:30', '41941F157B1748B39BB176FE2C58AE55', '0AB0DAB8B5894EA3B508E5BDA100F393', '25F4EEE1B3154764B443D763EC5EF3C5', '0', '0');
INSERT INTO `goods` VALUES ('BDC512524FE649C2BE1B7C4024732FFC', '木瓜', '木瓜', '88', '8.80', '0.00', '/goods_img/4A747C91208A4CF48F81B581BE6F3454.jpg', '2018-09-12 20:50:51', 'FE22C40F29DF48CE95EC3C81844D8985', 'DDE05731D9AC4EBABCAEC397997ACA25', 'SSFDF8G987D7S8G8T99E8W7EQUN87FD7', '0', '0');
INSERT INTO `goods` VALUES ('BDE04EE5B40D40FB91CB961E671A70EC', 'oppo findX', 'oppo findX', '49', '4999.00', '0.00', '/goods_img/6C5513B21E184A8EBBA0A321469E049E.jpg', '2018-09-12 20:40:52', 'B3E142EFAAD843049ABC36A075D62D09', 'D6AE1AB0FC9A4FAEA7E6F41D2980944D', '6788EFHDJEFUFUIEFIOWFEHEWURUWHRU', '0', '0');
INSERT INTO `goods` VALUES ('BEC69FFD2E7647A389F548D208101175', '全职高手闹钟', '全职高手闹钟', '1', '70.00', '0.00', '/goods_img/3E4EC7059EDE4E6E8072DC37D5627AED.jpg', '2018-09-12 14:52:08', '36293DA768204936950CF20848A869F1', '15858A534D504BDF8E0616AAB7EF0262', '25F4EEE1B3154764B443D763EC5EF3C5', '0', '0');
INSERT INTO `goods` VALUES ('BF55F6A3ECC845BAAC752E49F9BFA147', '苏菲卫生巾', '苏菲卫生巾', '38', '38.00', '0.00', '/goods_img/558BA5D78F984FA1BFCC76F00C18E91E.jpg', '2018-09-12 19:50:57', '6865532E2C4E4BDEAA72567ECB4C8763', '2F98393B55AA4A4299AAC61351017E6E', '768FGTHYDX23CGT8734CR7DTE8R7T284', '0', '0');
INSERT INTO `goods` VALUES ('BF9D935400F948FEB4DFD49AD943DC3B', '商务签字笔', '商务签字笔', '6', '5.80', '0.00', '/goods_img/A253350E42534881A64F2C808AAC6175.jpg', '2018-09-12 14:38:29', '36293DA768204936950CF20848A869F1', '66CC93F303A846C781384B4F70C607C8', '25F4EEE1B3154764B443D763EC5EF3C5', '0', '0');
INSERT INTO `goods` VALUES ('BFE2BBAB3D6A474EAC302CEF08184A9B', '银耳', '银耳', '56', '25.80', '0.00', '/goods_img/98CDC75B5CC94FAFAFC14FB0B1C4E064.jpg', '2018-09-12 14:18:40', '4AA7446BFA2841E1920F30F626BB14B4', 'E8D7DEC961774742B9104CB23CD5A8C7', '25F4EEE1B3154764B443D763EC5EF3C5', '0', '0');
INSERT INTO `goods` VALUES ('C1684AA350E64EC2A9DD6823BE6CB78E', 'vivo X21', 'vivo X21', '26', '2699.00', '0.00', '/goods_img/055B78F848974CC0BC6D30A9E0004BFC.jpg', '2018-09-12 20:41:37', 'B3E142EFAAD843049ABC36A075D62D09', 'D6AE1AB0FC9A4FAEA7E6F41D2980944D', '6788EFHDJEFUFUIEFIOWFEHEWURUWHRU', '0', '0');
INSERT INTO `goods` VALUES ('C2632B2CCAB94DE5998CEB62114DFF53', '三只松鼠芒果干', '三只松鼠芒果干', '9', '9.99', '0.00', '/goods_img/8AF83522D26947AD974D301DC76D06FD.jpg', '2018-09-12 17:50:43', '6450FD423B094D77A3A1CAAE32FABA69', '6CEE64CCB61F40128C561B694241FC1B', '6788EFHDJEFUFUIEFIOWFEHEWURUWHRU', '0', '0');
INSERT INTO `goods` VALUES ('C2E8412E3DA54DF6BB5BC59210F031FD', '张君雅小妹妹', '张君雅小妹妹', '32', '32.90', '0.00', '/goods_img/0A2B86BB329C48C89C2C7039C5278D85.jpg', '2018-09-12 17:54:01', '6450FD423B094D77A3A1CAAE32FABA69', 'A221297EC51F4419BF28360847768B0F', '6788EFHDJEFUFUIEFIOWFEHEWURUWHRU', '0', '0');
INSERT INTO `goods` VALUES ('C4CD17C5A9DD4F059F90F5EC9387D759', '双耳蒸锅', '双耳蒸锅', '6', '338.00', '0.00', '/goods_img/FA8B810B01244DEA8BF92E50A0A54828.jpg', '2018-09-12 15:03:56', '41941F157B1748B39BB176FE2C58AE55', '6503C1C64B174F22944C85B69EBAFC9E', '25F4EEE1B3154764B443D763EC5EF3C5', '0', '0');
INSERT INTO `goods` VALUES ('C55FC70E418C432985A6D388F9C9E518', '红牛', '红牛', '129', '129.00', '0.00', '/goods_img/443FF9BB1B724555A9FC70759C015A23.jpg', '2018-09-12 17:47:31', '5788D3A552B9477AA4A194FDE7C9B262', 'F51F5C35CC4145B4B3A77297AC3E0588', '6788EFHDJEFUFUIEFIOWFEHEWURUWHRU', '0', '0');
INSERT INTO `goods` VALUES ('C87C4F120D5D4B758DAF8996D32B38E8', '堂吉柯德真理干白葡萄酒', '堂吉柯德真理干白葡萄酒', '118', '118.00', '0.00', '/goods_img/9186023338B44D03B16C1E4EDF408A9E.jpg', '2018-09-13 11:36:29', '5788D3A552B9477AA4A194FDE7C9B262', '77BC2BE2A0D64A9AA13E40A4804E8381', 'SSFDF8G987D7S8G8T99E8W7EQUN87FD7', '0', '1');
INSERT INTO `goods` VALUES ('C8A58C9DF7904F7683B36D792A40EF7F', '威猛绅士干红葡萄酒', '威猛绅士干红葡萄酒', '668', '668.00', '0.00', '/goods_img/C06336EF474A42DBBD4F52E92F1609D5.jpg', '2018-09-13 11:30:52', '5788D3A552B9477AA4A194FDE7C9B262', '77BC2BE2A0D64A9AA13E40A4804E8381', 'SSFDF8G987D7S8G8T99E8W7EQUN87FD7', '0', '1');
INSERT INTO `goods` VALUES ('C9F496A1155D4DBB98EDEE6DD8835299', '洁柔手帕纸', '洁柔手帕纸', '56', '54.90', '0.00', '/goods_img/D685BC41663E40E8A8E3BEDBB10C342B.jpg', '2018-09-12 15:20:13', '42507FA77E5E4544A6F84394A19A7915', 'D275F9619B444F1FB085206BCDD69820', '25F4EEE1B3154764B443D763EC5EF3C5', '0', '0');
INSERT INTO `goods` VALUES ('CB3183E0EA5A4196A9E8E275691371E9', '黛熊孕妇装', '黛熊孕妇装', '163', '163.00', '0.00', '/goods_img/2A4844DFC0044D27B87CB4CBC82C2DE0.jpg', '2018-09-12 19:37:48', 'EC46DF8ED4D44C18ABDC8747D7E5F5EA', 'E4839E961250433ABBD18D5294230629', '6487T7GGYFECRYEIEGYGEDUYRYRUI3RR', '0', '0');
INSERT INTO `goods` VALUES ('CB3F5A6CB48041D3801B1E79915A2CD1', '拉夏贝尔卡其色风衣', '拉夏贝尔卡其色风衣', '79', '799.00', '0.00', '/goods_img/64E4414AF4194A59B23A2FCB1C01A87D.jpg', '2018-09-12 19:33:02', 'EC46DF8ED4D44C18ABDC8747D7E5F5EA', 'F485CE0ADD6A4B019A75C8C724E22469', '6487T7GGYFECRYEIEGYGEDUYRYRUI3RR', '0', '0');
INSERT INTO `goods` VALUES ('CBEBAA676DAE4EF78A801CCDC556D22F', '华为m3', '华为m3', '34', '1899.00', '0.00', '/goods_img/5DDBA0AE4B3B4ED183BBE427E7BE312A.png', '2018-09-12 19:09:38', '6628436A81DD4C539BA9945E7F6AA0E0', '0EF18509B1A0458FBA1D5A15E1A53150', '6487T7GGYFECRYEIEGYGEDUYRYRUI3RR', '0', '0');
INSERT INTO `goods` VALUES ('CC0C09DBB45E4FCC88CB769E25AFF7EC', 'dove沐浴露', 'dove沐浴露', '79', '79.00', '0.00', '/goods_img/B21DEA1F793642D1BD57FB313ECC2AFA.png', '2018-09-14 23:15:13', '6865532E2C4E4BDEAA72567ECB4C8763', '1D8C560F988F484EA3D0F7F846BD64E4', '768FGTHYDX23CGT8734CR7DTE8R7T284', '0', '2');
INSERT INTO `goods` VALUES ('CC33D6385D1F4EA583317D8337AF1D13', '景德镇陶瓷器56头骨瓷餐具', '景德镇陶瓷器56头骨瓷餐具', '790', '790.00', '0.00', '/goods_img/EE128A6E5E4A4067A83D7F381EDBA04D.jpg', '2018-09-12 15:06:49', '41941F157B1748B39BB176FE2C58AE55', '0AB0DAB8B5894EA3B508E5BDA100F393', '25F4EEE1B3154764B443D763EC5EF3C5', '0', '0');
INSERT INTO `goods` VALUES ('CD4C0C6C659840DB918F9E6DA6BF7105', '黑执事cos服装', '黑执事cos服装', '33', '334.00', '0.00', '/goods_img/A85E61658A6B4A45894448FAC785A164.jpg', '2018-09-12 19:43:20', 'EC46DF8ED4D44C18ABDC8747D7E5F5EA', '283148FF001F4FA0A31A9D5E3CFB8896', '6487T7GGYFECRYEIEGYGEDUYRYRUI3RR', '0', '0');
INSERT INTO `goods` VALUES ('D02519055AC34A83A9FB404999A41B60', '维达手帕纸', '维达手帕纸', '88', '11.90', '0.00', '/goods_img/E2A3696A642F44759CDAA364C8F96C49.jpg', '2018-09-12 15:19:49', '42507FA77E5E4544A6F84394A19A7915', 'D275F9619B444F1FB085206BCDD69820', '25F4EEE1B3154764B443D763EC5EF3C5', '0', '0');
INSERT INTO `goods` VALUES ('D02D7F9D62304227A73185E730B8BAF7', '蛋糕碟子大号盘子', '蛋糕碟子大号盘子', '120', '120.00', '0.00', '/goods_img/24790407B57649CF91D02EFBF8B63008.jpg', '2018-09-12 15:09:40', '41941F157B1748B39BB176FE2C58AE55', '3BA9F80804794AB9B178FD805EC006D9', '25F4EEE1B3154764B443D763EC5EF3C5', '0', '0');
INSERT INTO `goods` VALUES ('D21D8FAC55D94A87B8A97303259BFEB1', '华为P20 Prp', '华为P20 Prp', '46', '4629.00', '0.00', '/goods_img/CE8202EF98084A1995D8D16812083153.jpg', '2018-09-12 20:36:38', 'B3E142EFAAD843049ABC36A075D62D09', '4D8544F2EA564181877F4514E4C604D5', '6788EFHDJEFUFUIEFIOWFEHEWURUWHRU', '0', '0');
INSERT INTO `goods` VALUES ('D31DAF03BA14442CB9F32561C8FE0F51', '晨光记事本', '晨光记事本', '18', '18.00', '0.00', '/goods_img/FE015F59AA9D4BAABEDCBC13223D890E.jpg', '2018-09-12 14:32:24', '36293DA768204936950CF20848A869F1', '66CC93F303A846C781384B4F70C607C8', '25F4EEE1B3154764B443D763EC5EF3C5', '0', '0');
INSERT INTO `goods` VALUES ('D36AAF8CC6554482B7DBDC286F4FDEEC', '李宁跑步鞋', '李宁跑步鞋', '143', '143.00', '0.00', '/goods_img/4D59D452C3F94E9EB2BCC0003144400F.png', '2018-09-12 19:53:34', 'FF380E2E94EE49718516F1356C452BA9', 'F514D74CF6BE4D68928E508496267EA8', '768FGTHYDX23CGT8734CR7DTE8R7T284', '0', '0');
INSERT INTO `goods` VALUES ('D45ED842DE294210885C655BDF17715A', '五粮液', '五粮液', '919', '919.00', '0.00', '/goods_img/A4D0C44738AD43B4B515A35E8D88FB84.jpg', '2018-09-12 15:21:44', '5788D3A552B9477AA4A194FDE7C9B262', 'A589F165A7794EFFA54120161C3F8A4A', '25F4EEE1B3154764B443D763EC5EF3C5', '0', '0');
INSERT INTO `goods` VALUES ('D810C5FC0F0B43C59C67CC574F7F6698', '雷柏无线鼠标', '雷柏无线鼠标', '13', '139.00', '0.00', '/goods_img/3369ECF9611B45318DAA9C1F4C09FF56.png', '2018-09-12 20:00:04', 'F3E6E4A6E4F543D691C75D1B5EF4813E', 'BD6D6982AD474BE6937C0AB75B4BABA7', '768FGTHYDX23CGT8734CR7DTE8R7T284', '0', '0');
INSERT INTO `goods` VALUES ('D87C348009EF4DC290D95EB937A48A21', '女童背带裤', '女童背带裤', '68', '368.00', '0.00', '/goods_img/644FDC7C90284412A2BF88B3928CC601.jpg', '2018-09-12 19:36:47', 'EC46DF8ED4D44C18ABDC8747D7E5F5EA', 'E4839E961250433ABBD18D5294230629', '6487T7GGYFECRYEIEGYGEDUYRYRUI3RR', '0', '0');
INSERT INTO `goods` VALUES ('D9C0AA0374234607A7F502930A6864F6', '黑板', '黑板', '189', '190.80', '0.00', '/goods_img/BD68C519BFBD4D1888D15464A6EF055F.png', '2018-09-12 14:46:52', '36293DA768204936950CF20848A869F1', 'AE5FD0C3473C4119BEE5411B5C574ABA', '25F4EEE1B3154764B443D763EC5EF3C5', '0', '0');
INSERT INTO `goods` VALUES ('DA3A21A0A1DF4BEEAC2B349AEF35C521', '手工铸铁带柄平底锅', '手工铸铁带柄平底锅', '59', '59.00', '0.00', '/goods_img/E1483A6441D5455B86DA2570FA34C300.png', '2018-09-12 15:02:02', '41941F157B1748B39BB176FE2C58AE55', '6503C1C64B174F22944C85B69EBAFC9E', '25F4EEE1B3154764B443D763EC5EF3C5', '0', '0');
INSERT INTO `goods` VALUES ('DB156730313C4CBB89DC9235443E1A9D', '去骨鸭掌', '去骨鸭掌', '39', '3.90', '0.00', '/goods_img/0B5EBB8159D44A808CD2C240E71B7CE1.jpg', '2018-09-12 20:44:38', 'AC19F2D3D6704A3D9F8CD9C41CAA2D04', '79E22952FCC8440899192FB97417A12B', 'SSFDF8G987D7S8G8T99E8W7EQUN87FD7', '0', '0');
INSERT INTO `goods` VALUES ('DC47A55127D44EC382F6ABC90F8293B6', '阴阳师达摩陶瓷杯', '阴阳师达摩陶瓷杯', '99', '129.00', '12.90', '/goods_img/4E2FEF822811498398E8790E722BF8C9.png', '2018-09-11 22:16:06', '36293DA768204936950CF20848A869F1', '15858A534D504BDF8E0616AAB7EF0262', '25F4EEE1B3154764B443D763EC5EF3C5', '0', '0');
INSERT INTO `goods` VALUES ('DD808B256709400091A42CE16D358CFB', '陶瓷家用耐热煲汤砂锅炖锅', '陶瓷家用耐热煲汤砂锅炖锅', '158', '158.00', '0.00', '/goods_img/DB91827AB420470795115ECE29209D4D.jpg', '2018-09-12 15:05:56', '41941F157B1748B39BB176FE2C58AE55', '6503C1C64B174F22944C85B69EBAFC9E', '25F4EEE1B3154764B443D763EC5EF3C5', '0', '0');
INSERT INTO `goods` VALUES ('DDE04A623CFA4098961C10656C907595', '华为matebook Xpro', '华为matebook Xpro', '55', '7988.00', '0.00', '/goods_img/8CAB4FFDF7FC4581BE1AD5AC288D56EC.png', '2018-09-12 19:10:42', '6628436A81DD4C539BA9945E7F6AA0E0', '33672BE1933D4E8CA0BEBABFA31DAD37', '6487T7GGYFECRYEIEGYGEDUYRYRUI3RR', '0', '0');
INSERT INTO `goods` VALUES ('DFB47815B6F04260A23BE178AFDB3D10', '晨光中性笔', '晨光中性笔', '56', '2.00', '0.00', '/goods_img/32A42F78FF4B4E16A62D9417F8C305A6.jpg', '2018-09-12 14:33:15', '36293DA768204936950CF20848A869F1', '66CC93F303A846C781384B4F70C607C8', '25F4EEE1B3154764B443D763EC5EF3C5', '0', '0');
INSERT INTO `goods` VALUES ('E2B7F282EDE24EB8BF2F4CE676AA49C8', '华为荣耀9青春版', '华为荣耀9青春版', '39', '1039.00', '0.00', '/goods_img/3369E2EDC0CE4A6DB070BFB922220658.jpg', '2018-09-12 20:37:06', 'B3E142EFAAD843049ABC36A075D62D09', '4D8544F2EA564181877F4514E4C604D5', '6788EFHDJEFUFUIEFIOWFEHEWURUWHRU', '0', '0');
INSERT INTO `goods` VALUES ('E341CD8BB7BA4F73AF5E4F2367B36E31', '李宁长裤运动裤', '李宁长裤运动裤', '34', '129.00', '0.00', '/goods_img/C106764D6CBF430F83BBF5FAAEBA90E7.png', '2018-09-12 19:53:03', 'FF380E2E94EE49718516F1356C452BA9', 'F514D74CF6BE4D68928E508496267EA8', '768FGTHYDX23CGT8734CR7DTE8R7T284', '0', '0');
INSERT INTO `goods` VALUES ('E411BDAB996C4EEBBFEAC02550DAA9F0', '加厚一次性纸杯', '加厚一次性纸杯', '36', '36.00', '0.00', '/goods_img/CD4BFB0720B540DCAAC3D226E6E198B5.jpg', '2018-09-12 15:12:00', '41941F157B1748B39BB176FE2C58AE55', '3BA9F80804794AB9B178FD805EC006D9', '25F4EEE1B3154764B443D763EC5EF3C5', '0', '0');
INSERT INTO `goods` VALUES ('E4FF71E3DCBF41D7BC590CB8EE090E03', '老干妈', '老干妈', '555', '8.90', '0.00', '/goods_img/8E2ABAE6E9B346478565B2994DE8E10A.jpg', '2018-09-12 11:18:17', '4AA7446BFA2841E1920F30F626BB14B4', '4F45768A1C5845179AA1E81E067865EB', '25F4EEE1B3154764B443D763EC5EF3C5', '0', '0');
INSERT INTO `goods` VALUES ('E5B4CA391D314485B4E98601EDB58488', '金典', '金典', '65', '65.00', '0.00', '/goods_img/F3E53268FE8044D1951D883388D8A172.jpg', '2018-09-12 17:36:34', '5788D3A552B9477AA4A194FDE7C9B262', '815DB3FA033D4AB79924A407BBEB6F92', 'SSFDF8G987D7S8G8T99E8W7EQUN87FD7', '0', '0');
INSERT INTO `goods` VALUES ('E5DB1D286140478A8B9F8E7894A97DD1', '洋葱', '洋葱', '67', '5.80', '0.00', '/goods_img/3555D6DACDF24BF78363C828477D9E9B.jpg', '2018-09-12 20:55:08', 'AA29952BBBB0489D8D712264A6223545', '46C40679AD544DF0B379BD340BA01EAE', 'SSFDF8G987D7S8G8T99E8W7EQUN87FD7', '0', '0');
INSERT INTO `goods` VALUES ('E5F63C34E7B041B0955F3BFF5617411B', '诺基亚手机', '诺基亚手机', '39', '139.00', '0.00', '/goods_img/9EE4A7DB001C4ACCB16D1946DDB072EC.png', '2018-09-12 20:42:51', 'B3E142EFAAD843049ABC36A075D62D09', '98C300D1EF904F67A40D4C32C71D8960', '6788EFHDJEFUFUIEFIOWFEHEWURUWHRU', '0', '0');
INSERT INTO `goods` VALUES ('E6D804EBE9AB438FB83F0DE7FBEBB50C', '白砂糖', '白砂糖', '56', '50.00', '0.00', '/goods_img/9042B9C0B9E34E14BF7B999FA233D819.jpg', '2018-09-14 10:03:29', '4AA7446BFA2841E1920F30F626BB14B4', '4F45768A1C5845179AA1E81E067865EB', '25F4EEE1B3154764B443D763EC5EF3C5', '1', '0');
INSERT INTO `goods` VALUES ('E7E4E9CE77E94F9F801B3771A032F0B3', '真彩按动中性笔', '真彩按动中性笔', '889', '2.00', '0.00', '/goods_img/6AB07129804A4B00BD2AB6B876E77D8C.jpg', '2018-09-12 14:40:22', '36293DA768204936950CF20848A869F1', '66CC93F303A846C781384B4F70C607C8', '25F4EEE1B3154764B443D763EC5EF3C5', '0', '0');
INSERT INTO `goods` VALUES ('E8614F218AFF45C38FD650AB5E600AA6', '全职高手黄少天钥匙扣', '全职高手黄少天钥匙扣', '4', '46.00', '0.00', '/goods_img/8DAAF665A4CB472796B18FEF90380F1F.jpg', '2018-09-14 23:16:16', '36293DA768204936950CF20848A869F1', '15858A534D504BDF8E0616AAB7EF0262', '25F4EEE1B3154764B443D763EC5EF3C5', '0', '0');
INSERT INTO `goods` VALUES ('E95D48E09CF5458D97F19FCB1406510C', '品胜SD读卡器', '品胜SD读卡器', '50', '50.00', '0.00', '/goods_img/3957577E3A284482A8D30F97F29F1202.jpg', '2018-09-12 20:17:57', 'F3E6E4A6E4F543D691C75D1B5EF4813E', '5B7E847BE5624D30B3BFF641AFD5EFE9', '768FGTHYDX23CGT8734CR7DTE8R7T284', '0', '0');
INSERT INTO `goods` VALUES ('EAF80772B976479784301DA71FD7962E', '洁柔抽纸', '洁柔抽纸', '6', '46.90', '0.00', '/goods_img/8B8D26F459204A998FB209B934661AE7.jpg', '2018-09-13 10:56:26', '42507FA77E5E4544A6F84394A19A7915', '3197C420162447AE9387A7BD511F14EE', '25F4EEE1B3154764B443D763EC5EF3C5', '0', '1');
INSERT INTO `goods` VALUES ('EB0C24BF16114482981669C1E34C4047', '4人方形碗盘子餐具陶瓷', '4人方形碗盘子餐具陶瓷', '5', '113.60', '0.00', '/goods_img/24C73070737F4AEBAC3A34535FE65209.png', '2018-09-12 15:08:02', '41941F157B1748B39BB176FE2C58AE55', '0AB0DAB8B5894EA3B508E5BDA100F393', '25F4EEE1B3154764B443D763EC5EF3C5', '0', '0');
INSERT INTO `goods` VALUES ('EBC3C50DECEB452CA28A6A3442BDFEE3', '联想拯救者', '联想拯救者', '99', '5699.00', '0.00', '/goods_img/F1D4DBAD992442199EF9D585C5DA2055.jpg', '2018-09-12 19:13:06', '6628436A81DD4C539BA9945E7F6AA0E0', '6A46500BC805473E8CF13F813B1BA1B2', '6487T7GGYFECRYEIEGYGEDUYRYRUI3RR', '0', '0');
INSERT INTO `goods` VALUES ('EDAE2353C92F465DAA3EA6DEC42101C2', '水蜜桃', '水蜜桃', '38', '23.80', '0.00', '/goods_img/B8717A57EFA1433789AB3D39B4ECED19.jpg', '2018-09-12 20:51:20', 'FE22C40F29DF48CE95EC3C81844D8985', 'EA29B38F92B1455C929B90C6B87612F6', 'SSFDF8G987D7S8G8T99E8W7EQUN87FD7', '0', '0');
INSERT INTO `goods` VALUES ('EEE43F6E45204101A7DDA331EB59CBCC', '木雕竹简', '木雕竹简', '88', '88.00', '0.00', '/goods_img/9B35D567044C4F5CA1E1D993A719D23F.jpg', '2018-09-12 14:48:18', '36293DA768204936950CF20848A869F1', 'AE5FD0C3473C4119BEE5411B5C574ABA', '25F4EEE1B3154764B443D763EC5EF3C5', '0', '0');
INSERT INTO `goods` VALUES ('EFF2B25B5DA047E29B599E024BAA7004', '网易严选圆领T恤', '网易严选圆领T恤', '49', '49.00', '0.00', '/goods_img/3FFCC35C27FE4593967D86583552FB90.jpg', '2018-09-12 19:34:26', 'EC46DF8ED4D44C18ABDC8747D7E5F5EA', 'C234F65DABE84DF9A3616FB39786309C', '6487T7GGYFECRYEIEGYGEDUYRYRUI3RR', '0', '0');
INSERT INTO `goods` VALUES ('F030C91BF42D42898E911EF9BACD251D', '正装衬衫女', '正装衬衫女', '42', '428.00', '0.00', '/goods_img/FF80B24B8E984AC2A7C78A099C1500E2.jpg', '2018-09-12 19:40:38', 'EC46DF8ED4D44C18ABDC8747D7E5F5EA', '374986D49B424334A2A22ED1399CD0AF', '6487T7GGYFECRYEIEGYGEDUYRYRUI3RR', '0', '0');
INSERT INTO `goods` VALUES ('F250ED538FC04413825971378E0A7FB3', '生姜', '生姜', '56', '28.90', '0.00', '/goods_img/20E6D283C88E4685AF0CB6EF4C38188B.jpg', '2018-09-12 11:24:50', '4AA7446BFA2841E1920F30F626BB14B4', '4F45768A1C5845179AA1E81E067865EB', '25F4EEE1B3154764B443D763EC5EF3C5', '0', '0');
INSERT INTO `goods` VALUES ('F43AFD0D7AAF41099B6EA4177D1677A5', '玉米粒', '玉米粒', '67', '6.80', '0.00', '/goods_img/2DE85F5D5ACC4A0C9F1F9B92E6C9D559.jpg', '2018-09-13 10:49:47', 'AA29952BBBB0489D8D712264A6223545', '1E2AC294F8F940C08167B598D2B9172D', 'SSFDF8G987D7S8G8T99E8W7EQUN87FD7', '0', '0');
INSERT INTO `goods` VALUES ('F708780DF4EE496CAA854D857AB1A277', '家用不锈钢食品夹', '家用不锈钢食品夹', '16', '16.00', '0.00', '/goods_img/353EF2E9C49049CC85F3100CEF687567.jpg', '2018-09-12 15:14:58', '41941F157B1748B39BB176FE2C58AE55', '8366F0A43E924D299112EC314235357A', '25F4EEE1B3154764B443D763EC5EF3C5', '0', '0');
INSERT INTO `goods` VALUES ('F782CDF0A00D44D4A9602A359BA60A29', '金磨坊手撕素牛排', '金磨坊手撕素牛排', '66', '7.00', '0.00', '/goods_img/8CA0DD5FCA6D4A81BFE8608913F1500A.jpg', '2018-09-12 17:55:24', '6450FD423B094D77A3A1CAAE32FABA69', '5CA7D10F6A3240E2B0913B957F1C5661', '6788EFHDJEFUFUIEFIOWFEHEWURUWHRU', '0', '0');
INSERT INTO `goods` VALUES ('F78AD3FCC21E400F92B499ADB321B314', '东鹏特饮', '东鹏特饮', '79', '79.80', '0.00', '/goods_img/F3E17E436515427591B37CC80A88A3F8.jpg', '2018-09-12 17:47:58', '5788D3A552B9477AA4A194FDE7C9B262', 'F51F5C35CC4145B4B3A77297AC3E0588', '6788EFHDJEFUFUIEFIOWFEHEWURUWHRU', '0', '0');
INSERT INTO `goods` VALUES ('F7E602D449A64D42A7E7A9104BD10129', '小米max3', '小米max3', '15', '1599.00', '0.00', '/goods_img/A1767A7B5C314F84A9AF160DBC452245.jpg', '2018-09-12 20:39:07', 'B3E142EFAAD843049ABC36A075D62D09', '1AA4BF1F453249DC934F159AC1766720', '6788EFHDJEFUFUIEFIOWFEHEWURUWHRU', '0', '0');
INSERT INTO `goods` VALUES ('F7E602D449A64D42A7WG9SC8VB0SA0X8', '小米圈铁耳机', '小米圈铁耳机', '99', '99.00', '0.00', '/goods_img/65E75343DC574907969A7A6A4B750A53.png', '2018-09-12 14:47:57', 'F3E6E4A6E4F543D691C75D1B5EF4813E', '1DFAFFB9C0A64B44837F564A06362428', '768FGTHYDX23CGT8734CR7DTE8R7T284', '0', '0');
INSERT INTO `goods` VALUES ('F81D030480D7437F991DB559E94B29E3', '普通型彩色保鲜盒4件套', '普通型彩色保鲜盒4件套', '454', '79.50', '0.00', '/goods_img/D9CBFB4734D84BD09D45FEEA2B9AE163.jpg', '2018-09-12 15:13:14', '41941F157B1748B39BB176FE2C58AE55', 'EB2E59A1EBB1444391A5809B426E7E60', '25F4EEE1B3154764B443D763EC5EF3C5', '0', '0');
INSERT INTO `goods` VALUES ('F928CA3AE2C040D49FC887E973125081', '2009拉菲男爵窖藏干红葡萄酒', '2009拉菲男爵窖藏干红葡萄酒', '99', '988.00', '0.00', '/goods_img/8EB1D95B08004403A5124BCE6E620664.png', '2018-09-13 11:33:40', '5788D3A552B9477AA4A194FDE7C9B262', '77BC2BE2A0D64A9AA13E40A4804E8381', 'SSFDF8G987D7S8G8T99E8W7EQUN87FD7', '0', '1');
INSERT INTO `goods` VALUES ('F931DA20C5254950A74695D13A64CF0F', '魅族', '魅族', '79', '799.00', '0.00', '/goods_img/7AF1CBAE6AC9444E95B907B920A6A2AC.png', '2018-09-12 20:39:31', 'B3E142EFAAD843049ABC36A075D62D09', '9A0EB5068F484FA7A83D5908D64B192C', '6788EFHDJEFUFUIEFIOWFEHEWURUWHRU', '0', '0');
INSERT INTO `goods` VALUES ('FE4A68CEB6B0495B835294AA93A5C3EA', 'TCL老年机', 'TCL老年机', '99', '299.00', '0.00', '/goods_img/825A2E271D1546A1B25902DD3FD2C334.jpg', '2018-09-12 20:42:27', 'B3E142EFAAD843049ABC36A075D62D09', '98C300D1EF904F67A40D4C32C71D8960', '6788EFHDJEFUFUIEFIOWFEHEWURUWHRU', '0', '0');
INSERT INTO `goods` VALUES ('FEEAB53A5289407381C634263D145D58', '雪花啤酒', '雪花啤酒', '656', '54.00', '0.00', '/goods_img/A4F3A3DFE8BD43DA92F6AB376EA5665A.jpg', '2018-09-13 10:56:31', '5788D3A552B9477AA4A194FDE7C9B262', 'A9EEC80AC6BE46C99D4706833A1C038B', '25F4EEE1B3154764B443D763EC5EF3C5', '0', '1');
INSERT INTO `goods` VALUES ('FF819E1906B6478D9A78E0677F18D9D9', '新西兰猕猴桃', '新西兰猕猴桃', '35', '35.80', '0.00', '/goods_img/D2CEAE2DF7874A20A6368C0AA3B020AA.jpg', '2018-09-12 20:48:57', 'FE22C40F29DF48CE95EC3C81844D8985', '95959ABD272548DFADA904D0A4F94233', 'SSFDF8G987D7S8G8T99E8W7EQUN87FD7', '0', '0');
INSERT INTO `goods` VALUES ('FFADEC3E579C4386AA9032E16FFE1465', '木头人', '木头人', '14', '14.00', '0.00', '/goods_img/9BBF9F0E8E8F40E881EA98846746ED6D.jpg', '2018-09-12 14:47:57', '36293DA768204936950CF20848A869F1', 'AE5FD0C3473C4119BEE5411B5C574ABA', '25F4EEE1B3154764B443D763EC5EF3C5', '0', '0');

-- ----------------------------
-- Table structure for likegoods
-- ----------------------------
DROP TABLE IF EXISTS `likegoods`;
CREATE TABLE `likegoods` (
  `lg_id` int(11) NOT NULL AUTO_INCREMENT,
  `lg_u_id` char(32) DEFAULT NULL,
  `lg_g_id` char(32) DEFAULT NULL,
  PRIMARY KEY (`lg_id`),
  KEY `lg_u_id` (`lg_u_id`),
  KEY `lg_g_id` (`lg_g_id`),
  CONSTRAINT `likegoods_ibfk_1` FOREIGN KEY (`lg_u_id`) REFERENCES `users` (`u_id`),
  CONSTRAINT `likegoods_ibfk_2` FOREIGN KEY (`lg_g_id`) REFERENCES `goods` (`g_id`)
) ENGINE=InnoDB DEFAULT CHARSET=utf8;

-- ----------------------------
-- Records of likegoods
-- ----------------------------

-- ----------------------------
-- Table structure for likeseller
-- ----------------------------
DROP TABLE IF EXISTS `likeseller`;
CREATE TABLE `likeseller` (
  `ls_id` int(11) NOT NULL AUTO_INCREMENT,
  `ls_u_id` char(32) DEFAULT NULL,
  `ls_s_id` char(32) DEFAULT NULL,
  PRIMARY KEY (`ls_id`),
  KEY `ls_u_id` (`ls_u_id`),
  KEY `ls_s_id` (`ls_s_id`),
  CONSTRAINT `likeseller_ibfk_1` FOREIGN KEY (`ls_u_id`) REFERENCES `users` (`u_id`),
  CONSTRAINT `likeseller_ibfk_2` FOREIGN KEY (`ls_s_id`) REFERENCES `seller` (`s_id`)
) ENGINE=InnoDB DEFAULT CHARSET=utf8;

-- ----------------------------
-- Records of likeseller
-- ----------------------------

-- ----------------------------
-- Table structure for orderitem
-- ----------------------------
DROP TABLE IF EXISTS `orderitem`;
CREATE TABLE `orderitem` (
  `oi_id` char(32) NOT NULL,
  `oi_singlePrice` decimal(8,2) DEFAULT NULL,
  `oi_count` int(10) DEFAULT NULL,
  `oi_subTotal` decimal(10,2) DEFAULT NULL,
  `oi_o_id` char(32) DEFAULT NULL,
  `oi_g_id` char(32) DEFAULT NULL,
  PRIMARY KEY (`oi_id`),
  KEY `oi_o_id` (`oi_o_id`),
  KEY `oi_g_id` (`oi_g_id`),
  CONSTRAINT `orderitem_ibfk_1` FOREIGN KEY (`oi_o_id`) REFERENCES `orders` (`o_id`),
  CONSTRAINT `orderitem_ibfk_2` FOREIGN KEY (`oi_g_id`) REFERENCES `goods` (`g_id`)
) ENGINE=InnoDB DEFAULT CHARSET=utf8;

-- ----------------------------
-- Records of orderitem
-- ----------------------------
INSERT INTO `orderitem` VALUES ('1267C393889C4DC6ADDD9CD1ED68DA73', '69.00', '1', '69.00', 'A89F0B9592FC43E085115481D155BA5B', '143BC313E1104E95A23FB5C35232AFBE');
INSERT INTO `orderitem` VALUES ('182A05731DDA45FCA605F74DF710559C', '8.80', '1', '8.80', '7E9DC2C0041647769A0D34884B18BD03', 'BDC512524FE649C2BE1B7C4024732FFC');
INSERT INTO `orderitem` VALUES ('1C73BD31B99246ADAF8F0EBA1E8A8B87', '144.00', '2', '288.00', '7E9DC2C0041647769A0D34884B18BD03', '071565B87029424BA144ADFF874D63CA');
INSERT INTO `orderitem` VALUES ('1F1AC5A253124226A2857E752AA41088', '5.80', '2', '11.60', 'AB4DDED31A5E44479C2BF6377DEA37DD', 'A2EE85AEC7E6409EAB0B46D586E8152D');
INSERT INTO `orderitem` VALUES ('29BDC36522C24D53A35315BF4CE82A10', '6.00', '1', '6.00', 'F1CDD4A9496347819CF05E0FFD42F607', '0CE8D2FE87E344DC98451DE1CA5EDA22');
INSERT INTO `orderitem` VALUES ('31B402FACC9345B8951D47F9556C0B80', '119.80', '2', '239.60', '1A256FE8CED549E7B66FB35A7CE86B25', '2198850A271B415AA7F182AE7820B4DE');
INSERT INTO `orderitem` VALUES ('31EB27F12E5E4222A586E11523DF231F', '29.00', '1', '29.00', '6E1AED0D0928419E8E0F68CCB9F65CDA', '01890B43537F4ECC937CB8EF3EFA5329');
INSERT INTO `orderitem` VALUES ('31FB6EB56DEE4598A417346F79244279', '39.80', '2', '79.60', '92F0995738A64E259380F012FD2103CD', 'ABE45D452EC542A09A4546DA26522E20');
INSERT INTO `orderitem` VALUES ('40A368CA1EC34140B78B8BA878F4D409', '5.30', '1', '5.30', '5D658B257814489BB23A0A04CA3865F2', '2374832F6DC440DD800CFE6AD30AEB92');
INSERT INTO `orderitem` VALUES ('4EF91F3F9E6C4942A627742A6B6B5B51', '6.80', '1', '6.80', '78326AF1999D4044953F264412C23E59', 'F43AFD0D7AAF41099B6EA4177D1677A5');
INSERT INTO `orderitem` VALUES ('5FE867EC067B4B8D9A7621B91838BCE3', '8.50', '1', '8.50', 'F672334B63DC4AC9A19BF00B9649A859', '2B736E365CA9405CA6B4B1A93777CC43');
INSERT INTO `orderitem` VALUES ('61CF7B56ED2A4CE1B0C454339F597ED6', '9.90', '1', '9.90', 'F1CDD4A9496347819CF05E0FFD42F607', '64EAE35B909C4C4FB074A80DBD282B25');
INSERT INTO `orderitem` VALUES ('6A430F1A0B2E4F23AA0684509F4C2472', '79.80', '2', '159.60', 'A89F0B9592FC43E085115481D155BA5B', '064D3AF73BE548DB9CC83AAFAA5569AE');
INSERT INTO `orderitem` VALUES ('77825EB13F7F49FC815A28E63F72485E', '216.00', '3', '648.00', '150ABF0095544E3ABA6FD2C2B1C91E89', '071565B87029424BA144ADFF874D63CA');
INSERT INTO `orderitem` VALUES ('7EBF51FB7A2D474FB0CECC557D10A36F', '72.00', '1', '72.00', '39AFB19F011942F3B6D1201FEA0372D8', '071565B87029424BA144ADFF874D63CA');
INSERT INTO `orderitem` VALUES ('7F3A11ADE74B45D2A06416BCEC68719D', '77.60', '2', '155.20', '108E12E84A244949BFD27F99E88D5B9A', 'A52F838B37724730A63BD9F0EF1C86C6');
INSERT INTO `orderitem` VALUES ('7F517A4D402B4E2BBCD3F8BB9F24112F', '41.60', '2', '83.20', '39AFB19F011942F3B6D1201FEA0372D8', '62385286B16D4841A3B4E919CBE16BE8');
INSERT INTO `orderitem` VALUES ('8A02E43543714D7E8CCF5AEEF895919B', '19.90', '1', '19.90', '39AFB19F011942F3B6D1201FEA0372D8', '0A889054617C4251A10F48FA78C69A81');
INSERT INTO `orderitem` VALUES ('9180949406A746C0A01E8CB9DCFA503F', '78.00', '1', '78.00', '5D658B257814489BB23A0A04CA3865F2', '0B0D91FE7C2E4883A0BD8FF8545650B7');
INSERT INTO `orderitem` VALUES ('9A1E049F1C7D4AD489FE4A922056D000', '8.80', '1', '8.80', '150ABF0095544E3ABA6FD2C2B1C91E89', 'BDC512524FE649C2BE1B7C4024732FFC');
INSERT INTO `orderitem` VALUES ('9F3C5A70B90B486A848A90EAE6C04A95', '138.00', '1', '138.00', '108E12E84A244949BFD27F99E88D5B9A', '0622F60C46BF4420A8BDCDA49657B645');
INSERT INTO `orderitem` VALUES ('AA6CEF7345BB42778749B710027B2D82', '29.80', '2', '59.60', '63E4743ECC9944D8A8F70AAB5A6F1959', '05499AD280064BE6AC0C68559164FFAC');
INSERT INTO `orderitem` VALUES ('C74253412CD84F719ED0C093D3B89526', '354.00', '3', '1062.00', '5D658B257814489BB23A0A04CA3865F2', 'C87C4F120D5D4B758DAF8996D32B38E8');
INSERT INTO `orderitem` VALUES ('D04E71C8D5A84F74BE6E244CEE78178B', '78.00', '1', '78.00', '5D658B257814489BB23A0A04CA3865F2', '0EDA846BC52F47398034F9D4DF346123');
INSERT INTO `orderitem` VALUES ('D0D68405A1AC419DA5AE7A8EF22D14AE', '354.00', '3', '1062.00', '63E4743ECC9944D8A8F70AAB5A6F1959', 'C87C4F120D5D4B758DAF8996D32B38E8');
INSERT INTO `orderitem` VALUES ('D793B31B69714FEEA164FE06D57F6C49', '19.80', '2', '39.60', 'F672334B63DC4AC9A19BF00B9649A859', '64EAE35B909C4C4FB074A80DBD282B25');
INSERT INTO `orderitem` VALUES ('E771A89A0FC2452990CCD3164790210E', '2598.00', '2', '5196.00', '6CA80EB40CDC4BC29B1BC4A24D4EB9E4', '9C4943029D4A4494AC055BAAADBA6035');
INSERT INTO `orderitem` VALUES ('FD49A3EB4D1446B4BFC06B65BCA18DF0', '20.00', '2', '40.00', 'A89F0B9592FC43E085115481D155BA5B', '0DFF982234F24B138001129CC843A3CB');

-- ----------------------------
-- Table structure for orders
-- ----------------------------
DROP TABLE IF EXISTS `orders`;
CREATE TABLE `orders` (
  `o_id` char(32) NOT NULL,
  `o_orderTime` timestamp NOT NULL DEFAULT CURRENT_TIMESTAMP ON UPDATE CURRENT_TIMESTAMP,
  `o_totalPrice` decimal(12,2) DEFAULT NULL,
  `o_state` smallint(1) DEFAULT NULL,
  `o_code` char(6) DEFAULT NULL,
  `o_u_id` char(32) DEFAULT NULL,
  `o_s_id` char(32) DEFAULT NULL,
  PRIMARY KEY (`o_id`),
  KEY `o_u_id` (`o_u_id`),
  KEY `o_s_id` (`o_s_id`),
  CONSTRAINT `orders_ibfk_1` FOREIGN KEY (`o_u_id`) REFERENCES `users` (`u_id`),
  CONSTRAINT `orders_ibfk_2` FOREIGN KEY (`o_s_id`) REFERENCES `seller` (`s_id`)
) ENGINE=InnoDB DEFAULT CHARSET=utf8;

-- ----------------------------
-- Records of orders
-- ----------------------------
INSERT INTO `orders` VALUES ('108E12E84A244949BFD27F99E88D5B9A', '2018-09-13 10:47:24', '293.20', '1', '108E12', '724C1C971DE944579297D12DCEE4CF05', '25F4EEE1B3154764B443D763EC5EF3C5');
INSERT INTO `orders` VALUES ('150ABF0095544E3ABA6FD2C2B1C91E89', '2018-09-14 23:26:03', '656.80', '2', '150ABF', 'B250AB5238AB4F699ACBD93168DDE9E3', 'SSFDF8G987D7S8G8T99E8W7EQUN87FD7');
INSERT INTO `orders` VALUES ('1A256FE8CED549E7B66FB35A7CE86B25', '2018-09-13 10:47:45', '239.60', '1', '1A256F', '724C1C971DE944579297D12DCEE4CF05', 'SSFDF8G987D7S8G8T99E8W7EQUN87FD7');
INSERT INTO `orders` VALUES ('39AFB19F011942F3B6D1201FEA0372D8', '2018-09-13 10:58:28', '175.10', '2', '39AFB1', 'A7CA30CB26D34CF99C0D9B1D993B459E', 'SSFDF8G987D7S8G8T99E8W7EQUN87FD7');
INSERT INTO `orders` VALUES ('5D658B257814489BB23A0A04CA3865F2', '2018-09-13 11:17:55', '1223.30', '2', '5D658B', 'A7CA30CB26D34CF99C0D9B1D993B459E', 'SSFDF8G987D7S8G8T99E8W7EQUN87FD7');
INSERT INTO `orders` VALUES ('63E4743ECC9944D8A8F70AAB5A6F1959', '2018-09-13 11:37:33', '1121.60', '2', '63E474', 'A7CA30CB26D34CF99C0D9B1D993B459E', 'SSFDF8G987D7S8G8T99E8W7EQUN87FD7');
INSERT INTO `orders` VALUES ('6CA80EB40CDC4BC29B1BC4A24D4EB9E4', '2018-09-13 10:51:44', '5196.00', '2', '6CA80E', 'B250AB5238AB4F699ACBD93168DDE9E3', '6487T7GGYFECRYEIEGYGEDUYRYRUI3RR');
INSERT INTO `orders` VALUES ('6E1AED0D0928419E8E0F68CCB9F65CDA', '2018-09-13 09:39:52', '29.00', '2', '6E1AED', '11111111111111111111111111111111', '25F4EEE1B3154764B443D763EC5EF3C5');
INSERT INTO `orders` VALUES ('78326AF1999D4044953F264412C23E59', '2018-09-13 10:58:51', '6.80', '2', '78326A', 'A7CA30CB26D34CF99C0D9B1D993B459E', 'SSFDF8G987D7S8G8T99E8W7EQUN87FD7');
INSERT INTO `orders` VALUES ('7E9DC2C0041647769A0D34884B18BD03', '2018-09-14 23:21:10', '296.80', '1', '7E9DC2', 'B250AB5238AB4F699ACBD93168DDE9E3', 'SSFDF8G987D7S8G8T99E8W7EQUN87FD7');
INSERT INTO `orders` VALUES ('92F0995738A64E259380F012FD2103CD', '2018-09-13 10:49:55', '79.60', '1', '92F099', '11111111111111111111111111111111', 'SSFDF8G987D7S8G8T99E8W7EQUN87FD7');
INSERT INTO `orders` VALUES ('A89F0B9592FC43E085115481D155BA5B', '2018-09-13 10:43:08', '268.60', '1', 'A89F0B', '11111111111111111111111111111111', '25F4EEE1B3154764B443D763EC5EF3C5');
INSERT INTO `orders` VALUES ('AB4DDED31A5E44479C2BF6377DEA37DD', '2018-09-14 23:24:38', '11.60', '2', 'AB4DDE', 'B250AB5238AB4F699ACBD93168DDE9E3', 'SSFDF8G987D7S8G8T99E8W7EQUN87FD7');
INSERT INTO `orders` VALUES ('F1CDD4A9496347819CF05E0FFD42F607', '2018-09-13 10:43:41', '15.90', '2', 'F1CDD4', '11111111111111111111111111111111', '25F4EEE1B3154764B443D763EC5EF3C5');
INSERT INTO `orders` VALUES ('F672334B63DC4AC9A19BF00B9649A859', '2018-09-13 10:48:39', '48.10', '2', 'F67233', '724C1C971DE944579297D12DCEE4CF05', '25F4EEE1B3154764B443D763EC5EF3C5');

-- ----------------------------
-- Table structure for seller
-- ----------------------------
DROP TABLE IF EXISTS `seller`;
CREATE TABLE `seller` (
  `s_id` char(32) NOT NULL,
  `s_name` varchar(15) NOT NULL,
  `s_pwd` varchar(15) NOT NULL,
  `s_email` varchar(50) NOT NULL,
  `s_code` char(64) NOT NULL,
  `s_storeName` varchar(50) DEFAULT NULL,
  `s_phone` varchar(11) DEFAULT NULL,
  `s_addr` varchar(50) DEFAULT NULL,
  `s_openTime` time DEFAULT '00:00:00',
  `s_closeTime` time DEFAULT '00:00:00',
  `s_state` smallint(1) DEFAULT '0',
  `s_likeCount` int(10) DEFAULT '0',
  PRIMARY KEY (`s_id`)
) ENGINE=InnoDB DEFAULT CHARSET=utf8;

-- ----------------------------
-- Records of seller
-- ----------------------------
INSERT INTO `seller` VALUES ('25F4EEE1B3154764B443D763EC5EF3C5', 'zsj', 'z123', '52261732@qq.com', 'F040AFDA3AE24BACA68BBDE196198026E9BCADE5BB7E435F89B7143877CA26AE', '乐鲜超市', '1572489xxxx', '118.818767,31.883473', '08:21:00', '09:50:00', '5', '53');
INSERT INTO `seller` VALUES ('6487T7GGYFECRYEIEGYGEDUYRYRUI3RR', 'yyh', 'y123', 'yangfl@qq.com', 'YY8YRUHIGYRUEGFYU63488920FY28YDG3831UG823T83G23FR7TUYGC7E8T2HSHS', '杨TIMER', '88888888', '118.825700,31.885194', '00:00:00', '24:00:00', '5', '78');
INSERT INTO `seller` VALUES ('6788EFHDJEFUFUIEFIOWFEHEWURUWHRU', 'jhh', 'j123', '2394204549@qq.com', 'T7Y80923RY94338678NCXTWHSY293THIWSW4Y384TRTH76453YT746GS8H2Y9HUU', '杰哥小店', '77777777', '118.825700,31.885194', '00:00:00', '19:00:00', '0', '12');
INSERT INTO `seller` VALUES ('768FGTHYDX23CGT8734CR7DTE8R7T284', 'qzk', 'q123', 'qzksilver@gmail.com', '6878CRBT48TC2B34TC28TBCEN2DJM8E9Y2NHD28RYEY84D3Y8X1BT4DTE82T48RT', '棍棍糖', '66666666', '118.825700,31.885194', '00:00:00', '18:00:00', '5', '56');
INSERT INTO `seller` VALUES ('SSFDF8G987D7S8G8T99E8W7EQUN87FD7', 'dhh', 'd123', '49279154@qq.com', 'WEUYIORYIUGUDHOIDUIREDHOWIQRYT2UW389877342YR7ET6598DE98TR87UEY99', '欠欠小铺', '18112930147', '118.825700,31.885194', '00:00:00', '17:00:00', '5', '32');

-- ----------------------------
-- Table structure for subtype
-- ----------------------------
DROP TABLE IF EXISTS `subtype`;
CREATE TABLE `subtype` (
  `sub_id` char(32) NOT NULL,
  `sub_name` varchar(20) NOT NULL,
  `sub_t_id` char(32) DEFAULT NULL,
  PRIMARY KEY (`sub_id`),
  KEY `sub_t_id` (`sub_t_id`),
  CONSTRAINT `subtype_ibfk_1` FOREIGN KEY (`sub_t_id`) REFERENCES `type` (`t_id`)
) ENGINE=InnoDB DEFAULT CHARSET=utf8;

-- ----------------------------
-- Records of subtype
-- ----------------------------
INSERT INTO `subtype` VALUES ('019E0D68DF3B4A70B4D9B945B7C78FBD', '企业批发', '6628436A81DD4C539BA9945E7F6AA0E0');
INSERT INTO `subtype` VALUES ('0AB0DAB8B5894EA3B508E5BDA100F393', '碗盆餐具', '41941F157B1748B39BB176FE2C58AE55');
INSERT INTO `subtype` VALUES ('0E04D0B9AC2E47C48FD2475E4C05D1BA', '配饰', 'EC46DF8ED4D44C18ABDC8747D7E5F5EA');
INSERT INTO `subtype` VALUES ('0EF18509B1A0458FBA1D5A15E1A53150', '平板', '6628436A81DD4C539BA9945E7F6AA0E0');
INSERT INTO `subtype` VALUES ('13A99DCED21A4813BCEB8F865BD6DEC5', '碳酸饮料', '5788D3A552B9477AA4A194FDE7C9B262');
INSERT INTO `subtype` VALUES ('15858A534D504BDF8E0616AAB7EF0262', '娱乐衍生品', '36293DA768204936950CF20848A869F1');
INSERT INTO `subtype` VALUES ('1AA4BF1F453249DC934F159AC1766720', '小米', 'B3E142EFAAD843049ABC36A075D62D09');
INSERT INTO `subtype` VALUES ('1D8C560F988F484EA3D0F7F846BD64E4', '洗漱用品', '6865532E2C4E4BDEAA72567ECB4C8763');
INSERT INTO `subtype` VALUES ('1DFAFFB9C0A64B44837F564A06362428', '耳机', 'F3E6E4A6E4F543D691C75D1B5EF4813E');
INSERT INTO `subtype` VALUES ('1E2AC294F8F940C08167B598D2B9172D', '当季产品', 'AA29952BBBB0489D8D712264A6223545');
INSERT INTO `subtype` VALUES ('22996C69EF844319B70C536479C0BAFA', '凉拌菜', 'AC19F2D3D6704A3D9F8CD9C41CAA2D04');
INSERT INTO `subtype` VALUES ('283148FF001F4FA0A31A9D5E3CFB8896', 'coser定制', 'EC46DF8ED4D44C18ABDC8747D7E5F5EA');
INSERT INTO `subtype` VALUES ('2F98393B55AA4A4299AAC61351017E6E', '女性用品', '6865532E2C4E4BDEAA72567ECB4C8763');
INSERT INTO `subtype` VALUES ('3197C420162447AE9387A7BD511F14EE', '抽纸', '42507FA77E5E4544A6F84394A19A7915');
INSERT INTO `subtype` VALUES ('334B1B3B90B54B3D83403DE3A81E1AC9', '卷纸', '42507FA77E5E4544A6F84394A19A7915');
INSERT INTO `subtype` VALUES ('33672BE1933D4E8CA0BEBABFA31DAD37', '轻薄本', '6628436A81DD4C539BA9945E7F6AA0E0');
INSERT INTO `subtype` VALUES ('374986D49B424334A2A22ED1399CD0AF', '正装定制', 'EC46DF8ED4D44C18ABDC8747D7E5F5EA');
INSERT INTO `subtype` VALUES ('3B56B78780E2473995FDF6C2047EEB6B', '饼干糕点', '6450FD423B094D77A3A1CAAE32FABA69');
INSERT INTO `subtype` VALUES ('3BA9F80804794AB9B178FD805EC006D9', '一次性餐具', '41941F157B1748B39BB176FE2C58AE55');
INSERT INTO `subtype` VALUES ('3BDC4B5EC7CC465A97E73D81540546CB', '肉脯', '6450FD423B094D77A3A1CAAE32FABA69');
INSERT INTO `subtype` VALUES ('42202444C7EF4D8EA0706E9B6D84265B', '一次性用品', '6865532E2C4E4BDEAA72567ECB4C8763');
INSERT INTO `subtype` VALUES ('46C40679AD544DF0B379BD340BA01EAE', '有机特供', 'AA29952BBBB0489D8D712264A6223545');
INSERT INTO `subtype` VALUES ('4D8544F2EA564181877F4514E4C604D5', '华为', 'B3E142EFAAD843049ABC36A075D62D09');
INSERT INTO `subtype` VALUES ('4F45768A1C5845179AA1E81E067865EB', '调味料', '4AA7446BFA2841E1920F30F626BB14B4');
INSERT INTO `subtype` VALUES ('5094466409944A1BAC48CACF279D8D46', '湿巾', '42507FA77E5E4544A6F84394A19A7915');
INSERT INTO `subtype` VALUES ('516AAA16D78842C3A24B9486BA461D65', 'Hi-Fi享受', 'F3E6E4A6E4F543D691C75D1B5EF4813E');
INSERT INTO `subtype` VALUES ('54047286E06D476A8899DE27FA859D7F', '食用油', '4AA7446BFA2841E1920F30F626BB14B4');
INSERT INTO `subtype` VALUES ('594F56AE981749A795EF76F3007EDA17', '苹果', 'B3E142EFAAD843049ABC36A075D62D09');
INSERT INTO `subtype` VALUES ('5B7E847BE5624D30B3BFF641AFD5EFE9', '其他', 'F3E6E4A6E4F543D691C75D1B5EF4813E');
INSERT INTO `subtype` VALUES ('5CA7D10F6A3240E2B0913B957F1C5661', '辣条', '6450FD423B094D77A3A1CAAE32FABA69');
INSERT INTO `subtype` VALUES ('5D723B43397C41C8849A2EB0F16B8901', '豆制品', 'AA29952BBBB0489D8D712264A6223545');
INSERT INTO `subtype` VALUES ('60920DC344C040CD9A82EBD340E2C159', '其他', 'AA29952BBBB0489D8D712264A6223545');
INSERT INTO `subtype` VALUES ('6503C1C64B174F22944C85B69EBAFC9E', '烹饪锅具', '41941F157B1748B39BB176FE2C58AE55');
INSERT INTO `subtype` VALUES ('65DDEDF484934A29AE803EAE88BF7F9B', '运动器械', 'FF380E2E94EE49718516F1356C452BA9');
INSERT INTO `subtype` VALUES ('66CC93F303A846C781384B4F70C607C8', '文化用品', '36293DA768204936950CF20848A869F1');
INSERT INTO `subtype` VALUES ('67549B05AC4B46C1976DFEFA99F362C8', '油炸食品', 'AC19F2D3D6704A3D9F8CD9C41CAA2D04');
INSERT INTO `subtype` VALUES ('6A46500BC805473E8CF13F813B1BA1B2', '游戏本', '6628436A81DD4C539BA9945E7F6AA0E0');
INSERT INTO `subtype` VALUES ('6C0CB7ED5830454F851DD1DB5CBB077F', '进口产品', 'AA29952BBBB0489D8D712264A6223545');
INSERT INTO `subtype` VALUES ('6CEE64CCB61F40128C561B694241FC1B', '蜜饯果干', '6450FD423B094D77A3A1CAAE32FABA69');
INSERT INTO `subtype` VALUES ('74DDCFE08DF64709B20BA58CC79312A8', '键盘', 'F3E6E4A6E4F543D691C75D1B5EF4813E');
INSERT INTO `subtype` VALUES ('77BC2BE2A0D64A9AA13E40A4804E8381', '葡萄酒', '5788D3A552B9477AA4A194FDE7C9B262');
INSERT INTO `subtype` VALUES ('79E22952FCC8440899192FB97417A12B', '卤菜', 'AC19F2D3D6704A3D9F8CD9C41CAA2D04');
INSERT INTO `subtype` VALUES ('81152C140655406AA7A985F90EB53BFD', '游戏定制台式机', '6628436A81DD4C539BA9945E7F6AA0E0');
INSERT INTO `subtype` VALUES ('815DB3FA033D4AB79924A407BBEB6F92', '奶制品', '5788D3A552B9477AA4A194FDE7C9B262');
INSERT INTO `subtype` VALUES ('8366F0A43E924D299112EC314235357A', '烘焙/烧烤', '41941F157B1748B39BB176FE2C58AE55');
INSERT INTO `subtype` VALUES ('8AE6FFE2970F4D6FAE9E5003F11F5360', '其他', 'B3E142EFAAD843049ABC36A075D62D09');
INSERT INTO `subtype` VALUES ('8B3D2D735F374950B542D4B8311B1080', '菌菇', 'AA29952BBBB0489D8D712264A6223545');
INSERT INTO `subtype` VALUES ('95959ABD272548DFADA904D0A4F94233', '进口水果', 'FE22C40F29DF48CE95EC3C81844D8985');
INSERT INTO `subtype` VALUES ('97D7C421974C4BBC93C3B297ECF58164', '矿泉水', '5788D3A552B9477AA4A194FDE7C9B262');
INSERT INTO `subtype` VALUES ('98C300D1EF904F67A40D4C32C71D8960', '老人机', 'B3E142EFAAD843049ABC36A075D62D09');
INSERT INTO `subtype` VALUES ('9A0EB5068F484FA7A83D5908D64B192C', '魅族', 'B3E142EFAAD843049ABC36A075D62D09');
INSERT INTO `subtype` VALUES ('9A87CD2FCFDB4FB2BC9F2F845B91C5C0', '三星', 'B3E142EFAAD843049ABC36A075D62D09');
INSERT INTO `subtype` VALUES ('A0AB20A881784CF3AFE72B02BC0FB904', '内衣袜品', 'EC46DF8ED4D44C18ABDC8747D7E5F5EA');
INSERT INTO `subtype` VALUES ('A221297EC51F4419BF28360847768B0F', '膨化食品', '6450FD423B094D77A3A1CAAE32FABA69');
INSERT INTO `subtype` VALUES ('A589F165A7794EFFA54120161C3F8A4A', '白酒', '5788D3A552B9477AA4A194FDE7C9B262');
INSERT INTO `subtype` VALUES ('A9EEC80AC6BE46C99D4706833A1C038B', '啤酒', '5788D3A552B9477AA4A194FDE7C9B262');
INSERT INTO `subtype` VALUES ('AE5FD0C3473C4119BEE5411B5C574ABA', '创意礼品', '36293DA768204936950CF20848A869F1');
INSERT INTO `subtype` VALUES ('BA291FF61FDA42AFA26207B87DD3D1F3', '商务本', '6628436A81DD4C539BA9945E7F6AA0E0');
INSERT INTO `subtype` VALUES ('BD6D6982AD474BE6937C0AB75B4BABA7', '鼠标', 'F3E6E4A6E4F543D691C75D1B5EF4813E');
INSERT INTO `subtype` VALUES ('C234F65DABE84DF9A3616FB39786309C', '男装', 'EC46DF8ED4D44C18ABDC8747D7E5F5EA');
INSERT INTO `subtype` VALUES ('C9EAB1C56D9F4E9DA67C78DB94CF4E99', '果汁', '5788D3A552B9477AA4A194FDE7C9B262');
INSERT INTO `subtype` VALUES ('CCC48D04E9ED4B62856ED5ED1A2F833B', '米面杂粮', '4AA7446BFA2841E1920F30F626BB14B4');
INSERT INTO `subtype` VALUES ('D07886E1DBEF4173843E57900F743D73', '其他', '41941F157B1748B39BB176FE2C58AE55');
INSERT INTO `subtype` VALUES ('D275F9619B444F1FB085206BCDD69820', '手帕纸', '42507FA77E5E4544A6F84394A19A7915');
INSERT INTO `subtype` VALUES ('D35CB17F7F724F7CBF5648F0A6961462', '超极本', '6628436A81DD4C539BA9945E7F6AA0E0');
INSERT INTO `subtype` VALUES ('D6AE1AB0FC9A4FAEA7E6F41D2980944D', 'oppo/vivo', 'B3E142EFAAD843049ABC36A075D62D09');
INSERT INTO `subtype` VALUES ('D91D80F410994AE88DF42551B469DC3B', '其他', 'FE22C40F29DF48CE95EC3C81844D8985');
INSERT INTO `subtype` VALUES ('DB0DCBC908F043E99946ABA34F85A525', '其他', '6865532E2C4E4BDEAA72567ECB4C8763');
INSERT INTO `subtype` VALUES ('DDE05731D9AC4EBABCAEC397997ACA25', '热带水果', 'FE22C40F29DF48CE95EC3C81844D8985');
INSERT INTO `subtype` VALUES ('DEFE1E3167614EDAA04648DCD55A50EC', '清扫工具', '6865532E2C4E4BDEAA72567ECB4C8763');
INSERT INTO `subtype` VALUES ('E4839E961250433ABBD18D5294230629', '孕婴服装', 'EC46DF8ED4D44C18ABDC8747D7E5F5EA');
INSERT INTO `subtype` VALUES ('E71E4BE385DF4A8E9881E648A9A1D63D', '罐头', 'AC19F2D3D6704A3D9F8CD9C41CAA2D04');
INSERT INTO `subtype` VALUES ('E8D7DEC961774742B9104CB23CD5A8C7', '南北干货', '4AA7446BFA2841E1920F30F626BB14B4');
INSERT INTO `subtype` VALUES ('E99B8E17F8D74332B8070A5ACCC381D4', '其他', '6450FD423B094D77A3A1CAAE32FABA69');
INSERT INTO `subtype` VALUES ('EA29B38F92B1455C929B90C6B87612F6', '当季水果', 'FE22C40F29DF48CE95EC3C81844D8985');
INSERT INTO `subtype` VALUES ('EB2E59A1EBB1444391A5809B426E7E60', '保鲜收纳', '41941F157B1748B39BB176FE2C58AE55');
INSERT INTO `subtype` VALUES ('F485CE0ADD6A4B019A75C8C724E22469', '女装', 'EC46DF8ED4D44C18ABDC8747D7E5F5EA');
INSERT INTO `subtype` VALUES ('F514D74CF6BE4D68928E508496267EA8', '服装', 'FF380E2E94EE49718516F1356C452BA9');
INSERT INTO `subtype` VALUES ('F51F5C35CC4145B4B3A77297AC3E0588', '运动饮料', '5788D3A552B9477AA4A194FDE7C9B262');
INSERT INTO `subtype` VALUES ('FEE96F8F336240A9BD53716457AC426B', '摄像头', 'F3E6E4A6E4F543D691C75D1B5EF4813E');

-- ----------------------------
-- Table structure for type
-- ----------------------------
DROP TABLE IF EXISTS `type`;
CREATE TABLE `type` (
  `t_id` char(32) NOT NULL,
  `t_name` varchar(20) NOT NULL,
  `t_image` varchar(255) DEFAULT NULL,
  PRIMARY KEY (`t_id`)
) ENGINE=InnoDB DEFAULT CHARSET=utf8;

-- ----------------------------
-- Records of type
-- ----------------------------
INSERT INTO `type` VALUES ('36293DA768204936950CF20848A869F1', '办公', '/type_img/3AA898329FF147C4A4B756F193A6A655.svg');
INSERT INTO `type` VALUES ('41941F157B1748B39BB176FE2C58AE55', '厨具', '/type_img/3666DDBFC34D4237ADF4B9A32368D924.svg');
INSERT INTO `type` VALUES ('42507FA77E5E4544A6F84394A19A7915', '纸品', '/type_img/C79601BAA2F643549133AEB65D627818.svg');
INSERT INTO `type` VALUES ('4AA7446BFA2841E1920F30F626BB14B4', '粮油', '/type_img/9DAA9CF41C5C4305A901E2F6CF889506.svg');
INSERT INTO `type` VALUES ('5788D3A552B9477AA4A194FDE7C9B262', '酒水', '/type_img/44EEFAD6BB184FC7AE71268421D04F37.svg');
INSERT INTO `type` VALUES ('6450FD423B094D77A3A1CAAE32FABA69', '小吃', '/type_img/32A7019912DC42AEB33B030CAE67042B.svg');
INSERT INTO `type` VALUES ('6628436A81DD4C539BA9945E7F6AA0E0', '电脑', '/type_img/1BE8C15547F4408CBD27C50861F2450B.svg');
INSERT INTO `type` VALUES ('6865532E2C4E4BDEAA72567ECB4C8763', '卫生', '/type_img/DB4A6557A42442BB894022DF2F6AB732.svg');
INSERT INTO `type` VALUES ('AA29952BBBB0489D8D712264A6223545', '蔬菜', '/type_img/A1D69108E03F43D1824A28FCA1A7C4A6.svg');
INSERT INTO `type` VALUES ('AC19F2D3D6704A3D9F8CD9C41CAA2D04', '熟食', '/type_img/B2055AD70350471CB95E3E47C317B690.svg');
INSERT INTO `type` VALUES ('B3E142EFAAD843049ABC36A075D62D09', '手机', '/type_img/18D69F103CDA4E5FBA7CBD862972C4AF.svg');
INSERT INTO `type` VALUES ('EC46DF8ED4D44C18ABDC8747D7E5F5EA', '服饰', '/type_img/93B04E2246344F339EBA2AA5BE331201.svg');
INSERT INTO `type` VALUES ('F3E6E4A6E4F543D691C75D1B5EF4813E', '外设', '/type_img/03C8ADADA903453C9B5926DBB834F58C.svg');
INSERT INTO `type` VALUES ('FE22C40F29DF48CE95EC3C81844D8985', '水果', '/type_img/6BF59C0F8A7E4B3FBB3012F63A1288A5.svg');
INSERT INTO `type` VALUES ('FF380E2E94EE49718516F1356C452BA9', '运动', '/type_img/0ACBDA4B469E41C69F0AE736ECC40020.svg');

-- ----------------------------
-- Table structure for users
-- ----------------------------
DROP TABLE IF EXISTS `users`;
CREATE TABLE `users` (
  `u_id` char(32) NOT NULL,
  `u_name` varchar(15) NOT NULL,
  `u_pwd` varchar(15) NOT NULL,
  PRIMARY KEY (`u_id`)
) ENGINE=InnoDB DEFAULT CHARSET=utf8;

-- ----------------------------
-- Records of users
-- ----------------------------
INSERT INTO `users` VALUES ('11111111111111111111111111111111', 'test', 'test');
INSERT INTO `users` VALUES ('724C1C971DE944579297D12DCEE4CF05', 'qwe', 'qwe123');
INSERT INTO `users` VALUES ('88240C2577574F50ADBE1ADC9914019F', 'qzk', 'qzk123');
INSERT INTO `users` VALUES ('A7CA30CB26D34CF99C0D9B1D993B459E', 'dhh', 'dhh123');
INSERT INTO `users` VALUES ('B250AB5238AB4F699ACBD93168DDE9E3', 'zsj', 'zsj123');
